Name,Date,ppt (inches)
CAAM,1991-01,2.74
CAAM,1991-02,0.77
CAAM,1991-03,20.15
CAAM,1991-04,0.08
CAAM,1991-05,0
CAAM,1991-06,0
CAAM,1991-07,0.19
CAAM,1991-08,0
CAAM,1991-09,0.1
CAAM,1991-10,1.38
CAAM,1991-11,0.07
CAAM,1991-12,4.61
CAAM,1992-01,4.98
CAAM,1992-02,20.03
CAAM,1992-03,11.16
CAAM,1992-04,0.38
CAAM,1992-05,0.75
CAAM,1992-06,0.01
CAAM,1992-07,0.93
CAAM,1992-08,0
CAAM,1992-09,0
CAAM,1992-10,1.63
CAAM,1992-11,2.15
CAAM,1992-12,9.93
CAAM,1993-01,23.75
CAAM,1993-02,19.61
CAAM,1993-03,5.35
CAAM,1993-04,0.03
CAAM,1993-05,0.03
CAAM,1993-06,1.29
CAAM,1993-07,0
CAAM,1993-08,0
CAAM,1993-09,0.02
CAAM,1993-10,0.45
CAAM,1993-11,0.75
CAAM,1993-12,1.92
CAAM,1994-01,0.92
CAAM,1994-02,6.62
CAAM,1994-03,3.17
CAAM,1994-04,1.32
CAAM,1994-05,1.15
CAAM,1994-06,0.08
CAAM,1994-07,0
CAAM,1994-08,0
CAAM,1994-09,0
CAAM,1994-10,1.82
CAAM,1994-11,1.55
CAAM,1994-12,1.7
CAAM,1995-01,23.83
CAAM,1995-02,6.69
CAAM,1995-03,13.26
CAAM,1995-04,1.42
CAAM,1995-05,0.38
CAAM,1995-06,1.38
CAAM,1995-07,0
CAAM,1995-08,0
CAAM,1995-09,0
CAAM,1995-10,0
CAAM,1995-11,0.15
CAAM,1995-12,2.15
CAAM,1996-01,1.24
CAAM,1996-02,15.69
CAAM,1996-03,4.49
CAAM,1996-04,1.41
CAAM,1996-05,0.02
CAAM,1996-06,0
CAAM,1996-07,0
CAAM,1996-08,0
CAAM,1996-09,0
CAAM,1996-10,0.89
CAAM,1996-11,5.4
CAAM,1996-12,9.91
CAAM,1997-01,8.23
CAAM,1997-02,0.45
CAAM,1997-03,0.01
CAAM,1997-04,0.01
CAAM,1997-05,0
CAAM,1997-06,0.07
CAAM,1997-07,0
CAAM,1997-08,0
CAAM,1997-09,0.64
CAAM,1997-10,0.02
CAAM,1997-11,2.92
CAAM,1997-12,3.22
CAAM,1998-01,2.76
CAAM,1998-02,25.41
CAAM,1998-03,5.29
CAAM,1998-04,2.54
CAAM,1998-05,3.7
CAAM,1998-06,0.14
CAAM,1998-07,0
CAAM,1998-08,0
CAAM,1998-09,0.22
CAAM,1998-10,0
CAAM,1998-11,1.41
CAAM,1998-12,0.32
CAAM,1999-01,1.51
CAAM,1999-02,1.36
CAAM,1999-03,1.03
CAAM,1999-04,2.35
CAAM,1999-05,0.21
CAAM,1999-06,0.85
CAAM,1999-07,0
CAAM,1999-08,0
CAAM,1999-09,0
CAAM,1999-10,0
CAAM,1999-11,0.25
CAAM,1999-12,0
CAAM,2000-01,1.27
CAAM,2000-02,11.72
CAAM,2000-03,2.94
CAAM,2000-04,3.65
CAAM,2000-05,0.18
CAAM,2000-06,0
CAAM,2000-07,0
CAAM,2000-08,0.16
CAAM,2000-09,0.43
CAAM,2000-10,1.4
CAAM,2000-11,0.03
CAAM,2000-12,0
CAAM,2001-01,5.57
CAAM,2001-02,10.16
CAAM,2001-03,3.31
CAAM,2001-04,3.14
CAAM,2001-05,0.05
CAAM,2001-06,0
CAAM,2001-07,0.12
CAAM,2001-08,0
CAAM,2001-09,0
CAAM,2001-10,0.04
CAAM,2001-11,2.88
CAAM,2001-12,1.74
CAAM,2002-01,1.57
CAAM,2002-02,0.46
CAAM,2002-03,1.19
CAAM,2002-04,0.21
CAAM,2002-05,0.43
CAAM,2002-06,0.08
CAAM,2002-07,0
CAAM,2002-08,0
CAAM,2002-09,0.29
CAAM,2002-10,0.02
CAAM,2002-11,5.98
CAAM,2002-12,4.8
CAAM,2003-01,0.06
CAAM,2003-02,9.18
CAAM,2003-03,4.63
CAAM,2003-04,3.15
CAAM,2003-05,2.16
CAAM,2003-06,0.08
CAAM,2003-07,0.08
CAAM,2003-08,0
CAAM,2003-09,0
CAAM,2003-10,0.03
CAAM,2003-11,2.17
CAAM,2003-12,4.76
CAAM,2004-01,0.49
CAAM,2004-02,8.39
CAAM,2004-03,1.53
CAAM,2004-04,0.67
CAAM,2004-05,0
CAAM,2004-06,0
CAAM,2004-07,0
CAAM,2004-08,0
CAAM,2004-09,0
CAAM,2004-10,14.17
CAAM,2004-11,1.18
CAAM,2004-12,10.58
CAAN1,1991-01,0.77
CAAN1,1991-02,0.13
CAAN1,1991-03,7.88
CAAN1,1991-04,0.03
CAAN1,1991-05,0
CAAN1,1991-06,0
CAAN1,1991-07,0
CAAN1,1991-08,0
CAAN1,1991-09,0
CAAN1,1991-10,0.25
CAAN1,1991-11,0.02
CAAN1,1991-12,1.47
CAAN1,1992-01,2.22
CAAN1,1992-02,2.13
CAAN1,1992-03,1.6
CAAN1,1992-04,0
CAAN1,1992-05,0.03
CAAN1,1992-06,0
CAAN1,1992-07,0.79
CAAN1,1992-08,0
CAAN1,1992-09,0
CAAN1,1992-10,0.49
CAAN1,1992-11,0
CAAN1,1992-12,1.4
CAAN1,1993-01,2.62
CAAN1,1993-02,1.69
CAAN1,1993-03,2.72
CAAN1,1993-04,0
CAAN1,1993-05,0.04
CAAN1,1993-06,0.15
CAAN1,1993-07,0
CAAN1,1993-08,0
CAAN1,1993-09,0
CAAN1,1993-10,0.26
CAAN1,1993-11,0.52
CAAN1,1993-12,0.86
CAAN1,1994-01,1.18
CAAN1,1994-02,1.72
CAAN1,1994-03,1.24
CAAN1,1994-04,0.39
CAAN1,1994-05,0.78
CAAN1,1994-06,0
CAAN1,1994-07,0
CAAN1,1994-08,0
CAAN1,1994-09,0.73
CAAN1,1994-10,0.46
CAAN1,1994-11,1.13
CAAN1,1994-12,1.26
CAAN1,1995-01,4.93
CAAN1,1995-02,1.08
CAAN1,1995-03,4.76
CAAN1,1995-04,0.41
CAAN1,1995-05,0.6
CAAN1,1995-06,0.36
CAAN1,1995-07,0.02
CAAN1,1995-08,0
CAAN1,1995-09,0
CAAN1,1995-10,0
CAAN1,1995-11,0.22
CAAN1,1995-12,0.85
CAAN1,1996-01,0.81
CAAN1,1996-02,5
CAAN1,1996-03,0.75
CAAN1,1996-04,0.19
CAAN1,1996-05,0.08
CAAN1,1996-06,0.02
CAAN1,1996-07,0.01
CAAN1,1996-08,0
CAAN1,1996-09,0
CAAN1,1996-10,1.48
CAAN1,1996-11,1.14
CAAN1,1996-12,1.75
CAAN1,1997-01,2.08
CAAN1,1997-02,0.2
CAAN1,1997-03,0.03
CAAN1,1997-04,0
CAAN1,1997-05,0
CAAN1,1997-06,0
CAAN1,1997-07,0
CAAN1,1997-08,0
CAAN1,1997-09,0.24
CAAN1,1997-10,0.03
CAAN1,1997-11,1.44
CAAN1,1997-12,2.25
CAAN1,1998-01,1.56
CAAN1,1998-02,7.51
CAAN1,1998-03,2.69
CAAN1,1998-04,1.24
CAAN1,1998-05,2.21
CAAN1,1998-06,0.05
CAAN1,1998-07,0
CAAN1,1998-08,0
CAAN1,1998-09,0.43
CAAN1,1998-10,0.29
CAAN1,1998-11,0.85
CAAN1,1998-12,0.82
CAAN1,1999-01,1.78
CAAN1,1999-02,0.56
CAAN1,1999-03,2.78
CAAN1,1999-04,0.91
CAAN1,1999-05,0
CAAN1,1999-06,0.01
CAAN1,1999-07,0
CAAN1,1999-08,0
CAAN1,1999-09,0.03
CAAN1,1999-10,0
CAAN1,1999-11,0.43
CAAN1,1999-12,0.06
CAAN1,2000-01,0.67
CAAN1,2000-02,2.73
CAAN1,2000-03,1.09
CAAN1,2000-04,1.46
CAAN1,2000-05,0
CAAN1,2000-06,0.02
CAAN1,2000-07,0
CAAN1,2000-08,0
CAAN1,2000-09,0
CAAN1,2000-10,1.24
CAAN1,2000-11,0
CAAN1,2000-12,0.01
CAAN1,2001-01,2.77
CAAN1,2001-02,3.78
CAAN1,2001-03,2.87
CAAN1,2001-04,0.74
CAAN1,2001-05,0
CAAN1,2001-06,0
CAAN1,2001-07,0.05
CAAN1,2001-08,0
CAAN1,2001-09,0
CAAN1,2001-10,0.24
CAAN1,2001-11,1.29
CAAN1,2001-12,0.78
CAAN1,2002-01,0.73
CAAN1,2002-02,0.05
CAAN1,2002-03,0.41
CAAN1,2002-04,0.46
CAAN1,2002-05,0.08
CAAN1,2002-06,0
CAAN1,2002-07,0
CAAN1,2002-08,0
CAAN1,2002-09,0.03
CAAN1,2002-10,0
CAAN1,2002-11,0.93
CAAN1,2002-12,2.27
CAAN1,2003-01,0.05
CAAN1,2003-02,1.89
CAAN1,2003-03,0.99
CAAN1,2003-04,0.82
CAAN1,2003-05,0.69
CAAN1,2003-06,0
CAAN1,2003-07,0.11
CAAN1,2003-08,0
CAAN1,2003-09,0
CAAN1,2003-10,0
CAAN1,2003-11,0.8
CAAN1,2003-12,0.94
CAAN1,2004-01,0.43
CAAN1,2004-02,2.56
CAAN1,2004-03,0.25
CAAN1,2004-04,0.01
CAAN1,2004-05,0
CAAN1,2004-06,0
CAAN1,2004-07,0
CAAN1,2004-08,0
CAAN1,2004-09,0
CAAN1,2004-10,2.7
CAAN1,2004-11,0.16
CAAN1,2004-12,1.58
CAAN2,1991-01,0.98
CAAN2,1991-02,0.39
CAAN2,1991-03,11.24
CAAN2,1991-04,0
CAAN2,1991-05,0
CAAN2,1991-06,0.08
CAAN2,1991-07,0
CAAN2,1991-08,0
CAAN2,1991-09,0.11
CAAN2,1991-10,0.3
CAAN2,1991-11,0.09
CAAN2,1991-12,2.14
CAAN2,1992-01,1.34
CAAN2,1992-02,7.57
CAAN2,1992-03,4.63
CAAN2,1992-04,0.3
CAAN2,1992-05,0.46
CAAN2,1992-06,0
CAAN2,1992-07,0.94
CAAN2,1992-08,0
CAAN2,1992-09,0
CAAN2,1992-10,0.76
CAAN2,1992-11,0.08
CAAN2,1992-12,2.81
CAAN2,1993-01,5.65
CAAN2,1993-02,6.7
CAAN2,1993-03,3.4
CAAN2,1993-04,0
CAAN2,1993-05,0.02
CAAN2,1993-06,0.43
CAAN2,1993-07,0
CAAN2,1993-08,0
CAAN2,1993-09,0
CAAN2,1993-10,0.16
CAAN2,1993-11,0.52
CAAN2,1993-12,1.23
CAAN2,1994-01,0.62
CAAN2,1994-02,3.48
CAAN2,1994-03,1.48
CAAN2,1994-04,0.74
CAAN2,1994-05,0.87
CAAN2,1994-06,0
CAAN2,1994-07,0
CAAN2,1994-08,0
CAAN2,1994-09,0.6
CAAN2,1994-10,0.67
CAAN2,1994-11,0.77
CAAN2,1994-12,0.88
CAAN2,1995-01,8.86
CAAN2,1995-02,0.94
CAAN2,1995-03,7.35
CAAN2,1995-04,0.63
CAAN2,1995-05,0.95
CAAN2,1995-06,0.24
CAAN2,1995-07,0.05
CAAN2,1995-08,0
CAAN2,1995-09,0
CAAN2,1995-10,0
CAAN2,1995-11,0.12
CAAN2,1995-12,1.11
CAAN2,1996-01,0.93
CAAN2,1996-02,5.21
CAAN2,1996-03,0.95
CAAN2,1996-04,0.28
CAAN2,1996-05,0.07
CAAN2,1996-06,0
CAAN2,1996-07,0.03
CAAN2,1996-08,0
CAAN2,1996-09,0
CAAN2,1996-10,1.96
CAAN2,1996-11,1.23
CAAN2,1996-12,2.44
CAAN2,1997-01,1.87
CAAN2,1997-02,0.57
CAAN2,1997-03,0.3
CAAN2,1997-04,0
CAAN2,1997-05,0
CAAN2,1997-06,0
CAAN2,1997-07,0.31
CAAN2,1997-08,0
CAAN2,1997-09,0.2
CAAN2,1997-10,0.2
CAAN2,1997-11,1.38
CAAN2,1997-12,4.8
CAAN2,1998-01,1.94
CAAN2,1998-02,12.9
CAAN2,1998-03,3.47
CAAN2,1998-04,1.71
CAAN2,1998-05,2.57
CAAN2,1998-06,0.15
CAAN2,1998-07,0
CAAN2,1998-08,0
CAAN2,1998-09,0.78
CAAN2,1998-10,0.2
CAAN2,1998-11,1.02
CAAN2,1998-12,0.77
CAAN2,1999-01,2.26
CAAN2,1999-02,1
CAAN2,1999-03,2.03
CAAN2,1999-04,2.04
CAAN2,1999-05,0.11
CAAN2,1999-06,0.07
CAAN2,1999-07,0.16
CAAN2,1999-08,0
CAAN2,1999-09,0.34
CAAN2,1999-10,0
CAAN2,1999-11,0.31
CAAN2,1999-12,0.08
CAAN2,2000-01,1.4
CAAN2,2000-02,4.86
CAAN2,2000-03,1.63
CAAN2,2000-04,2.1
CAAN2,2000-05,0
CAAN2,2000-06,0.02
CAAN2,2000-07,0
CAAN2,2000-08,0
CAAN2,2000-09,0
CAAN2,2000-10,0.3
CAAN2,2000-11,0
CAAN2,2000-12,0.04
CAAN2,2001-01,3.33
CAAN2,2001-02,4.03
CAAN2,2001-03,5.74
CAAN2,2001-04,1.1
CAAN2,2001-05,0
CAAN2,2001-06,0
CAAN2,2001-07,0.46
CAAN2,2001-08,0
CAAN2,2001-09,0.01
CAAN2,2001-10,0.06
CAAN2,2001-11,1.85
CAAN2,2001-12,1.33
CAAN2,2002-01,0.5
CAAN2,2002-02,0.06
CAAN2,2002-03,0.62
CAAN2,2002-04,0.32
CAAN2,2002-05,0.07
CAAN2,2002-06,0
CAAN2,2002-07,0
CAAN2,2002-08,0
CAAN2,2002-09,0.26
CAAN2,2002-10,0.1
CAAN2,2002-11,1.39
CAAN2,2002-12,2.53
CAAN2,2003-01,0.04
CAAN2,2003-02,4.31
CAAN2,2003-03,2.33
CAAN2,2003-04,1.6
CAAN2,2003-05,1.63
CAAN2,2003-06,0
CAAN2,2003-07,0.15
CAAN2,2003-08,0.02
CAAN2,2003-09,0
CAAN2,2003-10,0
CAAN2,2003-11,0.8
CAAN2,2003-12,1.46
CAAN2,2004-01,0.62
CAAN2,2004-02,4.27
CAAN2,2004-03,0.33
CAAN2,2004-04,0.05
CAAN2,2004-05,0
CAAN2,2004-06,0
CAAN2,2004-07,0
CAAN2,2004-08,0
CAAN2,2004-09,0
CAAN2,2004-10,1.98
CAAN2,2004-11,0.1
CAAN2,2004-12,3.06
CACO1,1991-01,0.84
CACO1,1991-02,0.81
CACO1,1991-03,9.14
CACO1,1991-04,0.05
CACO1,1991-05,0.02
CACO1,1991-06,0.01
CACO1,1991-07,0
CACO1,1991-08,0.04
CACO1,1991-09,0.02
CACO1,1991-10,0.21
CACO1,1991-11,0.06
CACO1,1991-12,2.62
CACO1,1992-01,1.73
CACO1,1992-02,9.38
CACO1,1992-03,4.2
CACO1,1992-04,0.43
CACO1,1992-05,0.16
CACO1,1992-06,0
CACO1,1992-07,0.34
CACO1,1992-08,0
CACO1,1992-09,0
CACO1,1992-10,0.59
CACO1,1992-11,0.09
CACO1,1992-12,4.71
CACO1,1993-01,9.5
CACO1,1993-02,8.62
CACO1,1993-03,4.64
CACO1,1993-04,0
CACO1,1993-05,0.02
CACO1,1993-06,1.24
CACO1,1993-07,0
CACO1,1993-08,0
CACO1,1993-09,0
CACO1,1993-10,0.09
CACO1,1993-11,0.82
CACO1,1993-12,0.87
CACO1,1994-01,0.95
CACO1,1994-02,3.22
CACO1,1994-03,1.85
CACO1,1994-04,0.37
CACO1,1994-05,0.78
CACO1,1994-06,0
CACO1,1994-07,0
CACO1,1994-08,0
CACO1,1994-09,0
CACO1,1994-10,0.79
CACO1,1994-11,0.67
CACO1,1994-12,1.05
CACO1,1995-01,15.31
CACO1,1995-02,1.07
CACO1,1995-03,5.23
CACO1,1995-04,0.59
CACO1,1995-05,0.5
CACO1,1995-06,0.31
CACO1,1995-07,0.02
CACO1,1995-08,0
CACO1,1995-09,0
CACO1,1995-10,0
CACO1,1995-11,0.07
CACO1,1995-12,1.23
CACO1,1996-01,0.55
CACO1,1996-02,3.69
CACO1,1996-03,0.98
CACO1,1996-04,0.22
CACO1,1996-05,0
CACO1,1996-06,0
CACO1,1996-07,0.07
CACO1,1996-08,0
CACO1,1996-09,0
CACO1,1996-10,2.39
CACO1,1996-11,0.88
CACO1,1996-12,3.43
CACO1,1997-01,2.15
CACO1,1997-02,0.51
CACO1,1997-03,0.01
CACO1,1997-04,0
CACO1,1997-05,0
CACO1,1997-06,0
CACO1,1997-07,0.02
CACO1,1997-08,0
CACO1,1997-09,0.42
CACO1,1997-10,0.29
CACO1,1997-11,1
CACO1,1997-12,6.31
CACO1,1998-01,2.14
CACO1,1998-02,14.23
CACO1,1998-03,3.33
CACO1,1998-04,1.98
CACO1,1998-05,2.89
CACO1,1998-06,0.19
CACO1,1998-07,0
CACO1,1998-08,0
CACO1,1998-09,1.04
CACO1,1998-10,0.11
CACO1,1998-11,1.51
CACO1,1998-12,0.49
CACO1,1999-01,2.34
CACO1,1999-02,1.17
CACO1,1999-03,1.28
CACO1,1999-04,3.06
CACO1,1999-05,0.01
CACO1,1999-06,0.25
CACO1,1999-07,0.7
CACO1,1999-08,0
CACO1,1999-09,0.11
CACO1,1999-10,0
CACO1,1999-11,0.32
CACO1,1999-12,0.04
CACO1,2000-01,1.1
CACO1,2000-02,5.4
CACO1,2000-03,1.94
CACO1,2000-04,2.08
CACO1,2000-05,0.01
CACO1,2000-06,0.01
CACO1,2000-07,0
CACO1,2000-08,0.09
CACO1,2000-09,0.03
CACO1,2000-10,1.07
CACO1,2000-11,0
CACO1,2000-12,0
CACO1,2001-01,3.89
CACO1,2001-02,5.17
CACO1,2001-03,4.04
CACO1,2001-04,0.98
CACO1,2001-05,0
CACO1,2001-06,0
CACO1,2001-07,0
CACO1,2001-08,0
CACO1,2001-09,0.06
CACO1,2001-10,0.18
CACO1,2001-11,1.52
CACO1,2001-12,0.52
CACO1,2002-01,0.31
CACO1,2002-02,0.1
CACO1,2002-03,0.36
CACO1,2002-04,0.04
CACO1,2002-05,0.08
CACO1,2002-06,0
CACO1,2002-07,0
CACO1,2002-08,0
CACO1,2002-09,0
CACO1,2002-10,0.02
CACO1,2002-11,1.1
CACO1,2002-12,1.65
CACO1,2003-01,0.03
CACO1,2003-02,6.17
CACO1,2003-03,1.64
CACO1,2003-04,2.01
CACO1,2003-05,1.46
CACO1,2003-06,0
CACO1,2003-07,0.02
CACO1,2003-08,0.07
CACO1,2003-09,0
CACO1,2003-10,0
CACO1,2003-11,0.71
CACO1,2003-12,1.24
CACO1,2004-01,0.33
CACO1,2004-02,4.63
CACO1,2004-03,0.48
CACO1,2004-04,0.1
CACO1,2004-05,0
CACO1,2004-06,0
CACO1,2004-07,0
CACO1,2004-08,0
CACO1,2004-09,0
CACO1,2004-10,3.46
CACO1,2004-11,0.07
CACO1,2004-12,5.41
CAIN3,1991-01,0.98
CAIN3,1991-02,0.39
CAIN3,1991-03,11.24
CAIN3,1991-04,0
CAIN3,1991-05,0
CAIN3,1991-06,0.08
CAIN3,1991-07,0
CAIN3,1991-08,0
CAIN3,1991-09,0.11
CAIN3,1991-10,0.3
CAIN3,1991-11,0.09
CAIN3,1991-12,2.14
CAIN3,1992-01,1.34
CAIN3,1992-02,7.57
CAIN3,1992-03,4.63
CAIN3,1992-04,0.3
CAIN3,1992-05,0.46
CAIN3,1992-06,0
CAIN3,1992-07,0.94
CAIN3,1992-08,0
CAIN3,1992-09,0
CAIN3,1992-10,0.76
CAIN3,1992-11,0.08
CAIN3,1992-12,2.81
CAIN3,1993-01,5.65
CAIN3,1993-02,6.7
CAIN3,1993-03,3.4
CAIN3,1993-04,0
CAIN3,1993-05,0.02
CAIN3,1993-06,0.43
CAIN3,1993-07,0
CAIN3,1993-08,0
CAIN3,1993-09,0
CAIN3,1993-10,0.16
CAIN3,1993-11,0.52
CAIN3,1993-12,1.23
CAIN3,1994-01,0.62
CAIN3,1994-02,3.48
CAIN3,1994-03,1.48
CAIN3,1994-04,0.74
CAIN3,1994-05,0.87
CAIN3,1994-06,0
CAIN3,1994-07,0
CAIN3,1994-08,0
CAIN3,1994-09,0.6
CAIN3,1994-10,0.67
CAIN3,1994-11,0.77
CAIN3,1994-12,0.88
CAIN3,1995-01,8.86
CAIN3,1995-02,0.94
CAIN3,1995-03,7.35
CAIN3,1995-04,0.63
CAIN3,1995-05,0.95
CAIN3,1995-06,0.24
CAIN3,1995-07,0.05
CAIN3,1995-08,0
CAIN3,1995-09,0
CAIN3,1995-10,0
CAIN3,1995-11,0.12
CAIN3,1995-12,1.11
CAIN3,1996-01,0.93
CAIN3,1996-02,5.21
CAIN3,1996-03,0.95
CAIN3,1996-04,0.28
CAIN3,1996-05,0.07
CAIN3,1996-06,0
CAIN3,1996-07,0.03
CAIN3,1996-08,0
CAIN3,1996-09,0
CAIN3,1996-10,1.96
CAIN3,1996-11,1.23
CAIN3,1996-12,2.44
CAIN3,1997-01,1.87
CAIN3,1997-02,0.57
CAIN3,1997-03,0.3
CAIN3,1997-04,0
CAIN3,1997-05,0
CAIN3,1997-06,0
CAIN3,1997-07,0.31
CAIN3,1997-08,0
CAIN3,1997-09,0.2
CAIN3,1997-10,0.2
CAIN3,1997-11,1.38
CAIN3,1997-12,4.8
CAIN3,1998-01,1.94
CAIN3,1998-02,12.9
CAIN3,1998-03,3.47
CAIN3,1998-04,1.71
CAIN3,1998-05,2.57
CAIN3,1998-06,0.15
CAIN3,1998-07,0
CAIN3,1998-08,0
CAIN3,1998-09,0.78
CAIN3,1998-10,0.2
CAIN3,1998-11,1.02
CAIN3,1998-12,0.77
CAIN3,1999-01,2.26
CAIN3,1999-02,1
CAIN3,1999-03,2.03
CAIN3,1999-04,2.04
CAIN3,1999-05,0.11
CAIN3,1999-06,0.07
CAIN3,1999-07,0.16
CAIN3,1999-08,0
CAIN3,1999-09,0.34
CAIN3,1999-10,0
CAIN3,1999-11,0.31
CAIN3,1999-12,0.08
CAIN3,2000-01,1.4
CAIN3,2000-02,4.86
CAIN3,2000-03,1.63
CAIN3,2000-04,2.1
CAIN3,2000-05,0
CAIN3,2000-06,0.02
CAIN3,2000-07,0
CAIN3,2000-08,0
CAIN3,2000-09,0
CAIN3,2000-10,0.3
CAIN3,2000-11,0
CAIN3,2000-12,0.04
CAIN3,2001-01,3.33
CAIN3,2001-02,4.03
CAIN3,2001-03,5.74
CAIN3,2001-04,1.1
CAIN3,2001-05,0
CAIN3,2001-06,0
CAIN3,2001-07,0.46
CAIN3,2001-08,0
CAIN3,2001-09,0.01
CAIN3,2001-10,0.06
CAIN3,2001-11,1.85
CAIN3,2001-12,1.33
CAIN3,2002-01,0.5
CAIN3,2002-02,0.06
CAIN3,2002-03,0.62
CAIN3,2002-04,0.32
CAIN3,2002-05,0.07
CAIN3,2002-06,0
CAIN3,2002-07,0
CAIN3,2002-08,0
CAIN3,2002-09,0.26
CAIN3,2002-10,0.1
CAIN3,2002-11,1.39
CAIN3,2002-12,2.53
CAIN3,2003-01,0.04
CAIN3,2003-02,4.31
CAIN3,2003-03,2.33
CAIN3,2003-04,1.6
CAIN3,2003-05,1.63
CAIN3,2003-06,0
CAIN3,2003-07,0.15
CAIN3,2003-08,0.02
CAIN3,2003-09,0
CAIN3,2003-10,0
CAIN3,2003-11,0.8
CAIN3,2003-12,1.46
CAIN3,2004-01,0.62
CAIN3,2004-02,4.27
CAIN3,2004-03,0.33
CAIN3,2004-04,0.05
CAIN3,2004-05,0
CAIN3,2004-06,0
CAIN3,2004-07,0
CAIN3,2004-08,0
CAIN3,2004-09,0
CAIN3,2004-10,1.98
CAIN3,2004-11,0.1
CAIN3,2004-12,3.06
CAIN4,1991-01,0.79
CAIN4,1991-02,0.21
CAIN4,1991-03,6.76
CAIN4,1991-04,0
CAIN4,1991-05,0
CAIN4,1991-06,0
CAIN4,1991-07,0
CAIN4,1991-08,0
CAIN4,1991-09,0
CAIN4,1991-10,0.27
CAIN4,1991-11,0.05
CAIN4,1991-12,1.74
CAIN4,1992-01,1.56
CAIN4,1992-02,3.6
CAIN4,1992-03,2.48
CAIN4,1992-04,0
CAIN4,1992-05,0
CAIN4,1992-06,0
CAIN4,1992-07,0.79
CAIN4,1992-08,0
CAIN4,1992-09,0
CAIN4,1992-10,0.7
CAIN4,1992-11,0
CAIN4,1992-12,2.06
CAIN4,1993-01,3.81
CAIN4,1993-02,2.87
CAIN4,1993-03,2.09
CAIN4,1993-04,0
CAIN4,1993-05,0.05
CAIN4,1993-06,0.13
CAIN4,1993-07,0
CAIN4,1993-08,0
CAIN4,1993-09,0
CAIN4,1993-10,0.21
CAIN4,1993-11,0.49
CAIN4,1993-12,1.02
CAIN4,1994-01,0.79
CAIN4,1994-02,2.16
CAIN4,1994-03,0.86
CAIN4,1994-04,0.68
CAIN4,1994-05,0.79
CAIN4,1994-06,0
CAIN4,1994-07,0
CAIN4,1994-08,0
CAIN4,1994-09,0.86
CAIN4,1994-10,0.45
CAIN4,1994-11,0.82
CAIN4,1994-12,1.2
CAIN4,1995-01,5.81
CAIN4,1995-02,0.92
CAIN4,1995-03,4.37
CAIN4,1995-04,0.49
CAIN4,1995-05,0.54
CAIN4,1995-06,0.31
CAIN4,1995-07,0.02
CAIN4,1995-08,0
CAIN4,1995-09,0
CAIN4,1995-10,0
CAIN4,1995-11,0.09
CAIN4,1995-12,1.01
CAIN4,1996-01,0.81
CAIN4,1996-02,4.69
CAIN4,1996-03,0.48
CAIN4,1996-04,0.17
CAIN4,1996-05,0.06
CAIN4,1996-06,0.02
CAIN4,1996-07,0.02
CAIN4,1996-08,0
CAIN4,1996-09,0
CAIN4,1996-10,1.72
CAIN4,1996-11,1.17
CAIN4,1996-12,2.15
CAIN4,1997-01,1.79
CAIN4,1997-02,0.52
CAIN4,1997-03,0.2
CAIN4,1997-04,0
CAIN4,1997-05,0
CAIN4,1997-06,0
CAIN4,1997-07,0
CAIN4,1997-08,0
CAIN4,1997-09,0.24
CAIN4,1997-10,0.14
CAIN4,1997-11,1.15
CAIN4,1997-12,3.39
CAIN4,1998-01,1.61
CAIN4,1998-02,8.83
CAIN4,1998-03,2.87
CAIN4,1998-04,1.26
CAIN4,1998-05,2.18
CAIN4,1998-06,0.05
CAIN4,1998-07,0
CAIN4,1998-08,0
CAIN4,1998-09,0.52
CAIN4,1998-10,0.27
CAIN4,1998-11,0.8
CAIN4,1998-12,0.73
CAIN4,1999-01,2.35
CAIN4,1999-02,0.64
CAIN4,1999-03,1.45
CAIN4,1999-04,1.18
CAIN4,1999-05,0
CAIN4,1999-06,0
CAIN4,1999-07,0.02
CAIN4,1999-08,0
CAIN4,1999-09,0.09
CAIN4,1999-10,0
CAIN4,1999-11,0.22
CAIN4,1999-12,0.09
CAIN4,2000-01,1.07
CAIN4,2000-02,3.02
CAIN4,2000-03,1.06
CAIN4,2000-04,1.5
CAIN4,2000-05,0
CAIN4,2000-06,0
CAIN4,2000-07,0
CAIN4,2000-08,0
CAIN4,2000-09,0
CAIN4,2000-10,0.62
CAIN4,2000-11,0
CAIN4,2000-12,0.02
CAIN4,2001-01,2.72
CAIN4,2001-02,3.57
CAIN4,2001-03,2.62
CAIN4,2001-04,0.86
CAIN4,2001-05,0
CAIN4,2001-06,0
CAIN4,2001-07,0.04
CAIN4,2001-08,0
CAIN4,2001-09,0
CAIN4,2001-10,0.14
CAIN4,2001-11,1.48
CAIN4,2001-12,1.07
CAIN4,2002-01,0.54
CAIN4,2002-02,0.06
CAIN4,2002-03,0.42
CAIN4,2002-04,0.51
CAIN4,2002-05,0.08
CAIN4,2002-06,0
CAIN4,2002-07,0
CAIN4,2002-08,0
CAIN4,2002-09,0.09
CAIN4,2002-10,0
CAIN4,2002-11,1.04
CAIN4,2002-12,2.14
CAIN4,2003-01,0.06
CAIN4,2003-02,2.39
CAIN4,2003-03,1.57
CAIN4,2003-04,1.2
CAIN4,2003-05,0.64
CAIN4,2003-06,0
CAIN4,2003-07,0.15
CAIN4,2003-08,0.17
CAIN4,2003-09,0
CAIN4,2003-10,0
CAIN4,2003-11,0.6
CAIN4,2003-12,1.25
CAIN4,2004-01,0.43
CAIN4,2004-02,2.93
CAIN4,2004-03,0.25
CAIN4,2004-04,0.02
CAIN4,2004-05,0
CAIN4,2004-06,0
CAIN4,2004-07,0
CAIN4,2004-08,0
CAIN4,2004-09,0
CAIN4,2004-10,2.58
CAIN4,2004-11,0.2
CAIN4,2004-12,2.07
STBR3,1991-01,0.52
STBR3,1991-02,3.77
STBR3,1991-03,15.88
STBR3,1991-04,0.31
STBR3,1991-05,0.2
STBR3,1991-06,0.51
STBR3,1991-07,0
STBR3,1991-08,0.06
STBR3,1991-09,0
STBR3,1991-10,2.2
STBR3,1991-11,1.22
STBR3,1991-12,3.04
STBR3,1992-01,2.36
STBR3,1992-02,8.85
STBR3,1992-03,4.99
STBR3,1992-04,0.87
STBR3,1992-05,0.09
STBR3,1992-06,0.67
STBR3,1992-07,0
STBR3,1992-08,0
STBR3,1992-09,0
STBR3,1992-10,3.38
STBR3,1992-11,0.42
STBR3,1992-12,10.41
STBR3,1993-01,13.3
STBR3,1993-02,7.24
STBR3,1993-03,2.57
STBR3,1993-04,1.32
STBR3,1993-05,2.39
STBR3,1993-06,1.1
STBR3,1993-07,0
STBR3,1993-08,0
STBR3,1993-09,0
STBR3,1993-10,1.48
STBR3,1993-11,3.37
STBR3,1993-12,4.04
STBR3,1994-01,2.69
STBR3,1994-02,5.4
STBR3,1994-03,0.25
STBR3,1994-04,1.63
STBR3,1994-05,1.32
STBR3,1994-06,0
STBR3,1994-07,0
STBR3,1994-08,0
STBR3,1994-09,0
STBR3,1994-10,0.94
STBR3,1994-11,6.51
STBR3,1994-12,3.77
STBR3,1995-01,22.24
STBR3,1995-02,0.72
STBR3,1995-03,14.75
STBR3,1995-04,1.62
STBR3,1995-05,3.06
STBR3,1995-06,0.76
STBR3,1995-07,0
STBR3,1995-08,0
STBR3,1995-09,0
STBR3,1995-10,0
STBR3,1995-11,0.19
STBR3,1995-12,10.47
STBR3,1996-01,8.81
STBR3,1996-02,10.26
STBR3,1996-03,3.05
STBR3,1996-04,3.2
STBR3,1996-05,3.58
STBR3,1996-06,0
STBR3,1996-07,0
STBR3,1996-08,0
STBR3,1996-09,0.01
STBR3,1996-10,1.64
STBR3,1996-11,3.87
STBR3,1996-12,14.87
STBR3,1997-01,13.8
STBR3,1997-02,0.43
STBR3,1997-03,0.98
STBR3,1997-04,0.54
STBR3,1997-05,0.64
STBR3,1997-06,0.3
STBR3,1997-07,0
STBR3,1997-08,0.67
STBR3,1997-09,0.03
STBR3,1997-10,1.18
STBR3,1997-11,7.92
STBR3,1997-12,3.15
STBR3,1998-01,10.08
STBR3,1998-02,17.73
STBR3,1998-03,2.81
STBR3,1998-04,3.07
STBR3,1998-05,4.62
STBR3,1998-06,0.06
STBR3,1998-07,0
STBR3,1998-08,0
STBR3,1998-09,0.26
STBR3,1998-10,0.75
STBR3,1998-11,5.81
STBR3,1998-12,2.39
STBR3,1999-01,3.12
STBR3,1999-02,9.6
STBR3,1999-03,4.3
STBR3,1999-04,2.51
STBR3,1999-05,0.23
STBR3,1999-06,0.08
STBR3,1999-07,0
STBR3,1999-08,0
STBR3,1999-09,0.03
STBR3,1999-10,0.88
STBR3,1999-11,3.33
STBR3,1999-12,0.68
STBR3,2000-01,6.17
STBR3,2000-02,11.55
STBR3,2000-03,3.09
STBR3,2000-04,1.97
STBR3,2000-05,1.8
STBR3,2000-06,0.2
STBR3,2000-07,0
STBR3,2000-08,0
STBR3,2000-09,0.09
STBR3,2000-10,3.29
STBR3,2000-11,1.31
STBR3,2000-12,0.97
STBR3,2001-01,5.81
STBR3,2001-02,8.08
STBR3,2001-03,2.37
STBR3,2001-04,0.7
STBR3,2001-05,0
STBR3,2001-06,0.1
STBR3,2001-07,0
STBR3,2001-08,0
STBR3,2001-09,0.35
STBR3,2001-10,0.72
STBR3,2001-11,7.41
STBR3,2001-12,11.22
STBR3,2002-01,3.86
STBR3,2002-02,1.76
STBR3,2002-03,2.68
STBR3,2002-04,0.29
STBR3,2002-05,1.29
STBR3,2002-06,0
STBR3,2002-07,0
STBR3,2002-08,0
STBR3,2002-09,0
STBR3,2002-10,0
STBR3,2002-11,4.28
STBR3,2002-12,16.99
STBR3,2003-01,2.97
STBR3,2003-02,2.24
STBR3,2003-03,3.24
STBR3,2003-04,5.06
STBR3,2003-05,1.32
STBR3,2003-06,0
STBR3,2003-07,0
STBR3,2003-08,0.27
STBR3,2003-09,0
STBR3,2003-10,0.01
STBR3,2003-11,3.34
STBR3,2003-12,11.16
STBR3,2004-01,3.72
STBR3,2004-02,8.97
STBR3,2004-03,1.29
STBR3,2004-04,0.53
STBR3,2004-05,0.06
STBR3,2004-06,0.11
STBR3,2004-07,0
STBR3,2004-08,0
STBR3,2004-09,0.14
STBR3,2004-10,4.19
STBR3,2004-11,3.16
STBR3,2004-12,10.21
STDI,1991-01,1.22
STDI,1991-02,1.57
STDI,1991-03,16.65
STDI,1991-04,0.76
STDI,1991-05,0.68
STDI,1991-06,0.48
STDI,1991-07,0
STDI,1991-08,0
STDI,1991-09,0.03
STDI,1991-10,3.37
STDI,1991-11,1.32
STDI,1991-12,3.24
STDI,1992-01,1.94
STDI,1992-02,8.18
STDI,1992-03,4.68
STDI,1992-04,0.31
STDI,1992-05,0.09
STDI,1992-06,0.17
STDI,1992-07,1.53
STDI,1992-08,0
STDI,1992-09,0
STDI,1992-10,3.87
STDI,1992-11,0.39
STDI,1992-12,8.62
STDI,1993-01,12.9
STDI,1993-02,8.3
STDI,1993-03,4.65
STDI,1993-04,0.82
STDI,1993-05,0.34
STDI,1993-06,2.13
STDI,1993-07,0
STDI,1993-08,0
STDI,1993-09,0
STDI,1993-10,0.89
STDI,1993-11,2.12
STDI,1993-12,2.92
STDI,1994-01,2.11
STDI,1994-02,6.29
STDI,1994-03,0.96
STDI,1994-04,2.85
STDI,1994-05,1.45
STDI,1994-06,0
STDI,1994-07,0
STDI,1994-08,0
STDI,1994-09,0.21
STDI,1994-10,2.14
STDI,1994-11,4.82
STDI,1994-12,3.48
STDI,1995-01,14.93
STDI,1995-02,1.86
STDI,1995-03,15.99
STDI,1995-04,3.27
STDI,1995-05,5.13
STDI,1995-06,1.13
STDI,1995-07,0.12
STDI,1995-08,0
STDI,1995-09,0
STDI,1995-10,0
STDI,1995-11,0.05
STDI,1995-12,6.64
STDI,1996-01,5.44
STDI,1996-02,8.95
STDI,1996-03,4.48
STDI,1996-04,3.3
STDI,1996-05,2.07
STDI,1996-06,0.26
STDI,1996-07,0.03
STDI,1996-08,0
STDI,1996-09,0
STDI,1996-10,2.9
STDI,1996-11,8.12
STDI,1996-12,14.07
STDI,1997-01,15.95
STDI,1997-02,0.33
STDI,1997-03,0.38
STDI,1997-04,0.1
STDI,1997-05,0
STDI,1997-06,0.34
STDI,1997-07,0.03
STDI,1997-08,0
STDI,1997-09,0.06
STDI,1997-10,0.5
STDI,1997-11,3.57
STDI,1997-12,3.1
STDI,1998-01,10.31
STDI,1998-02,13.34
STDI,1998-03,7.02
STDI,1998-04,4.4
STDI,1998-05,5.9
STDI,1998-06,3.23
STDI,1998-07,0
STDI,1998-08,0
STDI,1998-09,0.19
STDI,1998-10,0.35
STDI,1998-11,2
STDI,1998-12,2.07
STDI,1999-01,6.3
STDI,1999-02,5.04
STDI,1999-03,2.01
STDI,1999-04,3.17
STDI,1999-05,0.32
STDI,1999-06,0.92
STDI,1999-07,0.19
STDI,1999-08,0.02
STDI,1999-09,0
STDI,1999-10,0.08
STDI,1999-11,2.26
STDI,1999-12,0.06
STDI,2000-01,9.16
STDI,2000-02,13.74
STDI,2000-03,2.03
STDI,2000-04,2.92
STDI,2000-05,1.34
STDI,2000-06,0.9
STDI,2000-07,0
STDI,2000-08,0
STDI,2000-09,0.62
STDI,2000-10,3.54
STDI,2000-11,0.44
STDI,2000-12,0.51
STDI,2001-01,5.78
STDI,2001-02,6.22
STDI,2001-03,2.77
STDI,2001-04,4.07
STDI,2001-05,0
STDI,2001-06,0
STDI,2001-07,0.32
STDI,2001-08,0
STDI,2001-09,0
STDI,2001-10,0.97
STDI,2001-11,4.56
STDI,2001-12,8.59
STDI,2002-01,2.59
STDI,2002-02,1.55
STDI,2002-03,3.39
STDI,2002-04,1.33
STDI,2002-05,1.46
STDI,2002-06,0.1
STDI,2002-07,0
STDI,2002-08,0
STDI,2002-09,0.04
STDI,2002-10,0.06
STDI,2002-11,5.69
STDI,2002-12,7.51
STDI,2003-01,0.75
STDI,2003-02,3.42
STDI,2003-03,2.41
STDI,2003-04,5.3
STDI,2003-05,2.44
STDI,2003-06,0
STDI,2003-07,0.04
STDI,2003-08,0.97
STDI,2003-09,0
STDI,2003-10,0.05
STDI,2003-11,1.67
STDI,2003-12,7.67
STDI,2004-01,2.19
STDI,2004-02,6.02
STDI,2004-03,1.16
STDI,2004-04,0.3
STDI,2004-05,0.24
STDI,2004-06,0
STDI,2004-07,0
STDI,2004-08,0
STDI,2004-09,0.05
STDI,2004-10,5.59
STDI,2004-11,1.61
STDI,2004-12,5.51
STDR2,1991-01,1.4
STDR2,1991-02,3.98
STDR2,1991-03,20.77
STDR2,1991-04,1
STDR2,1991-05,1.01
STDR2,1991-06,0.92
STDR2,1991-07,0
STDR2,1991-08,0.03
STDR2,1991-09,0
STDR2,1991-10,1.65
STDR2,1991-11,1.27
STDR2,1991-12,5.43
STDR2,1992-01,3.78
STDR2,1992-02,12.64
STDR2,1992-03,6.15
STDR2,1992-04,2.81
STDR2,1992-05,0.01
STDR2,1992-06,1.76
STDR2,1992-07,0
STDR2,1992-08,0
STDR2,1992-09,0
STDR2,1992-10,3.57
STDR2,1992-11,0.7
STDR2,1992-12,10.11
STDR2,1993-01,20.69
STDR2,1993-02,12.26
STDR2,1993-03,5.85
STDR2,1993-04,4.01
STDR2,1993-05,2.62
STDR2,1993-06,1.87
STDR2,1993-07,0
STDR2,1993-08,0.88
STDR2,1993-09,0
STDR2,1993-10,1.27
STDR2,1993-11,3.33
STDR2,1993-12,7.29
STDR2,1994-01,4.06
STDR2,1994-02,7.85
STDR2,1994-03,0.93
STDR2,1994-04,3.52
STDR2,1994-05,2.55
STDR2,1994-06,0.09
STDR2,1994-07,0
STDR2,1994-08,0
STDR2,1994-09,0
STDR2,1994-10,0.91
STDR2,1994-11,7.09
STDR2,1994-12,10.02
STDR2,1995-01,26.06
STDR2,1995-02,1.93
STDR2,1995-03,21.65
STDR2,1995-04,7.1
STDR2,1995-05,4.3
STDR2,1995-06,3.53
STDR2,1995-07,0
STDR2,1995-08,0
STDR2,1995-09,0
STDR2,1995-10,0
STDR2,1995-11,0.08
STDR2,1995-12,14.79
STDR2,1996-01,9.19
STDR2,1996-02,11.93
STDR2,1996-03,3.73
STDR2,1996-04,5.2
STDR2,1996-05,6.06
STDR2,1996-06,0.28
STDR2,1996-07,0
STDR2,1996-08,0
STDR2,1996-09,0.68
STDR2,1996-10,2.41
STDR2,1996-11,4.46
STDR2,1996-12,19.27
STDR2,1997-01,16.95
STDR2,1997-02,0.42
STDR2,1997-03,2.88
STDR2,1997-04,2.34
STDR2,1997-05,0.72
STDR2,1997-06,1.03
STDR2,1997-07,0.22
STDR2,1997-08,1.27
STDR2,1997-09,0.42
STDR2,1997-10,4.75
STDR2,1997-11,12
STDR2,1997-12,3.86
STDR2,1998-01,18.78
STDR2,1998-02,21.52
STDR2,1998-03,5.77
STDR2,1998-04,5.09
STDR2,1998-05,7.39
STDR2,1998-06,1.44
STDR2,1998-07,0
STDR2,1998-08,0
STDR2,1998-09,0.56
STDR2,1998-10,1.76
STDR2,1998-11,9.66
STDR2,1998-12,3.93
STDR2,1999-01,6.32
STDR2,1999-02,12.28
STDR2,1999-03,3.94
STDR2,1999-04,2.8
STDR2,1999-05,0.03
STDR2,1999-06,0.48
STDR2,1999-07,0
STDR2,1999-08,0.12
STDR2,1999-09,0
STDR2,1999-10,2.21
STDR2,1999-11,5.43
STDR2,1999-12,1.61
STDR2,2000-01,10.04
STDR2,2000-02,18.78
STDR2,2000-03,5.39
STDR2,2000-04,2.61
STDR2,2000-05,1.7
STDR2,2000-06,0.47
STDR2,2000-07,0
STDR2,2000-08,0
STDR2,2000-09,0.34
STDR2,2000-10,6.14
STDR2,2000-11,1.76
STDR2,2000-12,2.07
STDR2,2001-01,6.64
STDR2,2001-02,9.24
STDR2,2001-03,3.06
STDR2,2001-04,3.15
STDR2,2001-05,0.02
STDR2,2001-06,0.31
STDR2,2001-07,0
STDR2,2001-08,0
STDR2,2001-09,0.54
STDR2,2001-10,2.4
STDR2,2001-11,10.24
STDR2,2001-12,14.71
STDR2,2002-01,6.82
STDR2,2002-02,3.77
STDR2,2002-03,4.96
STDR2,2002-04,1.49
STDR2,2002-05,1.31
STDR2,2002-06,0
STDR2,2002-07,0
STDR2,2002-08,0
STDR2,2002-09,0
STDR2,2002-10,0
STDR2,2002-11,3.62
STDR2,2002-12,23.77
STDR2,2003-01,7.08
STDR2,2003-02,3.79
STDR2,2003-03,3.95
STDR2,2003-04,9.61
STDR2,2003-05,2.54
STDR2,2003-06,0.03
STDR2,2003-07,0.02
STDR2,2003-08,0.63
STDR2,2003-09,0
STDR2,2003-10,0.11
STDR2,2003-11,5.1
STDR2,2003-12,15.57
STDR2,2004-01,5.58
STDR2,2004-02,12.9
STDR2,2004-03,1.95
STDR2,2004-04,0.74
STDR2,2004-05,0.39
STDR2,2004-06,0
STDR2,2004-07,0
STDR2,2004-08,0
STDR2,2004-09,0.16
STDR2,2004-10,6.84
STDR2,2004-11,2.23
STDR2,2004-12,10.94
STGL1,1991-01,1.58
STGL1,1991-02,4.65
STGL1,1991-03,21.16
STGL1,1991-04,0.64
STGL1,1991-05,0.49
STGL1,1991-06,0.59
STGL1,1991-07,0.16
STGL1,1991-08,0
STGL1,1991-09,0
STGL1,1991-10,2.17
STGL1,1991-11,2.44
STGL1,1991-12,3.51
STGL1,1992-01,4.13
STGL1,1992-02,12.58
STGL1,1992-03,7.8
STGL1,1992-04,1.97
STGL1,1992-05,0.17
STGL1,1992-06,1.72
STGL1,1992-07,0.14
STGL1,1992-08,0
STGL1,1992-09,0
STGL1,1992-10,3.63
STGL1,1992-11,1.32
STGL1,1992-12,13.03
STGL1,1993-01,20.21
STGL1,1993-02,8.88
STGL1,1993-03,5.61
STGL1,1993-04,2.6
STGL1,1993-05,3.04
STGL1,1993-06,1.56
STGL1,1993-07,0
STGL1,1993-08,0
STGL1,1993-09,0
STGL1,1993-10,0.88
STGL1,1993-11,3.2
STGL1,1993-12,5.74
STGL1,1994-01,6.17
STGL1,1994-02,7.71
STGL1,1994-03,0.52
STGL1,1994-04,2.62
STGL1,1994-05,1.2
STGL1,1994-06,0.08
STGL1,1994-07,0
STGL1,1994-08,0
STGL1,1994-09,0.08
STGL1,1994-10,0.82
STGL1,1994-11,7.82
STGL1,1994-12,5.01
STGL1,1995-01,34.67
STGL1,1995-02,1.05
STGL1,1995-03,23.14
STGL1,1995-04,3.97
STGL1,1995-05,2.46
STGL1,1995-06,0.89
STGL1,1995-07,0.21
STGL1,1995-08,0
STGL1,1995-09,0
STGL1,1995-10,0
STGL1,1995-11,0.29
STGL1,1995-12,13.41
STGL1,1996-01,18.7
STGL1,1996-02,12.05
STGL1,1996-03,6.05
STGL1,1996-04,4.32
STGL1,1996-05,2.62
STGL1,1996-06,0.25
STGL1,1996-07,0
STGL1,1996-08,0
STGL1,1996-09,0.45
STGL1,1996-10,1.51
STGL1,1996-11,5.05
STGL1,1996-12,17.05
STGL1,1997-01,16
STGL1,1997-02,1.38
STGL1,1997-03,3.94
STGL1,1997-04,1.21
STGL1,1997-05,0.65
STGL1,1997-06,0.88
STGL1,1997-07,0.02
STGL1,1997-08,0.82
STGL1,1997-09,0.97
STGL1,1997-10,1.77
STGL1,1997-11,9.88
STGL1,1997-12,4.04
STGL1,1998-01,22.23
STGL1,1998-02,22.74
STGL1,1998-03,7.91
STGL1,1998-04,3.59
STGL1,1998-05,5.54
STGL1,1998-06,0.21
STGL1,1998-07,0
STGL1,1998-08,0
STGL1,1998-09,0.21
STGL1,1998-10,1.29
STGL1,1998-11,9.02
STGL1,1998-12,2.64
STGL1,1999-01,8.05
STGL1,1999-02,15.61
STGL1,1999-03,10.57
STGL1,1999-04,2.22
STGL1,1999-05,0.29
STGL1,1999-06,0.15
STGL1,1999-07,0
STGL1,1999-08,0.06
STGL1,1999-09,0.07
STGL1,1999-10,1.31
STGL1,1999-11,5.87
STGL1,1999-12,1.42
STGL1,2000-01,11.59
STGL1,2000-02,14.83
STGL1,2000-03,4.22
STGL1,2000-04,2.81
STGL1,2000-05,1.67
STGL1,2000-06,0.51
STGL1,2000-07,0
STGL1,2000-08,0
STGL1,2000-09,0.38
STGL1,2000-10,3.8
STGL1,2000-11,2.05
STGL1,2000-12,1.46
STGL1,2001-01,7.34
STGL1,2001-02,9.86
STGL1,2001-03,3.46
STGL1,2001-04,1.32
STGL1,2001-05,0.02
STGL1,2001-06,0.45
STGL1,2001-07,0
STGL1,2001-08,0
STGL1,2001-09,0.28
STGL1,2001-10,1.39
STGL1,2001-11,10.41
STGL1,2001-12,12.83
STGL1,2002-01,6.71
STGL1,2002-02,3.27
STGL1,2002-03,6.18
STGL1,2002-04,0.62
STGL1,2002-05,0.96
STGL1,2002-06,0
STGL1,2002-07,0
STGL1,2002-08,0
STGL1,2002-09,0
STGL1,2002-10,0
STGL1,2002-11,5.11
STGL1,2002-12,21.96
STGL1,2003-01,6.59
STGL1,2003-02,3.18
STGL1,2003-03,5.76
STGL1,2003-04,8.55
STGL1,2003-05,0.94
STGL1,2003-06,0
STGL1,2003-07,0
STGL1,2003-08,0.16
STGL1,2003-09,0.14
STGL1,2003-10,0.04
STGL1,2003-11,5.32
STGL1,2003-12,16.1
STGL1,2004-01,5.54
STGL1,2004-02,13.98
STGL1,2004-03,2.15
STGL1,2004-04,1.27
STGL1,2004-05,0.29
STGL1,2004-06,0.12
STGL1,2004-07,0
STGL1,2004-08,0
STGL1,2004-09,0.11
STGL1,2004-10,4.64
STGL1,2004-11,2.27
STGL1,2004-12,11.09
STIN,1991-01,0.41
STIN,1991-02,1.54
STIN,1991-03,5.76
STIN,1991-04,0.22
STIN,1991-05,0.09
STIN,1991-06,0.03
STIN,1991-07,0
STIN,1991-08,0.03
STIN,1991-09,0.19
STIN,1991-10,0.44
STIN,1991-11,0.19
STIN,1991-12,2.41
STIN,1992-01,1.32
STIN,1992-02,3.89
STIN,1992-03,2.48
STIN,1992-04,0
STIN,1992-05,0
STIN,1992-06,0.06
STIN,1992-07,0.15
STIN,1992-08,0
STIN,1992-09,0
STIN,1992-10,1.01
STIN,1992-11,0
STIN,1992-12,3.22
STIN,1993-01,6.1
STIN,1993-02,4.37
STIN,1993-03,2.55
STIN,1993-04,0.09
STIN,1993-05,0.25
STIN,1993-06,0.47
STIN,1993-07,0
STIN,1993-08,0
STIN,1993-09,0
STIN,1993-10,0.1
STIN,1993-11,0.56
STIN,1993-12,1.08
STIN,1994-01,1.4
STIN,1994-02,2.63
STIN,1994-03,0.37
STIN,1994-04,0.74
STIN,1994-05,1.15
STIN,1994-06,0
STIN,1994-07,0
STIN,1994-08,0
STIN,1994-09,0.14
STIN,1994-10,0.61
STIN,1994-11,1.23
STIN,1994-12,0.75
STIN,1995-01,8.25
STIN,1995-02,1
STIN,1995-03,6.69
STIN,1995-04,0.83
STIN,1995-05,0.52
STIN,1995-06,0.28
STIN,1995-07,0.22
STIN,1995-08,0
STIN,1995-09,0
STIN,1995-10,0
STIN,1995-11,0.04
STIN,1995-12,2.18
STIN,1996-01,2.83
STIN,1996-02,3.87
STIN,1996-03,1.69
STIN,1996-04,0.6
STIN,1996-05,0.62
STIN,1996-06,0.02
STIN,1996-07,0
STIN,1996-08,0
STIN,1996-09,0
STIN,1996-10,2.07
STIN,1996-11,1.25
STIN,1996-12,4.07
STIN,1997-01,5.16
STIN,1997-02,0.12
STIN,1997-03,0.36
STIN,1997-04,0.13
STIN,1997-05,0.05
STIN,1997-06,0.12
STIN,1997-07,0
STIN,1997-08,0
STIN,1997-09,0
STIN,1997-10,0.18
STIN,1997-11,2.84
STIN,1997-12,2.89
STIN,1998-01,3.81
STIN,1998-02,9.97
STIN,1998-03,2.25
STIN,1998-04,1.56
STIN,1998-05,3.03
STIN,1998-06,0.57
STIN,1998-07,0
STIN,1998-08,0
STIN,1998-09,0.2
STIN,1998-10,0.31
STIN,1998-11,1.17
STIN,1998-12,0.91
STIN,1999-01,1.49
STIN,1999-02,2.21
STIN,1999-03,1.67
STIN,1999-04,1.44
STIN,1999-05,0.09
STIN,1999-06,0.03
STIN,1999-07,0
STIN,1999-08,0
STIN,1999-09,0
STIN,1999-10,0
STIN,1999-11,0.44
STIN,1999-12,0.09
STIN,2000-01,3.3
STIN,2000-02,3.75
STIN,2000-03,0.91
STIN,2000-04,0.91
STIN,2000-05,0.1
STIN,2000-06,0.67
STIN,2000-07,0
STIN,2000-08,0
STIN,2000-09,0.05
STIN,2000-10,1.8
STIN,2000-11,0.2
STIN,2000-12,0.25
STIN,2001-01,3.79
STIN,2001-02,2.69
STIN,2001-03,2.07
STIN,2001-04,0.78
STIN,2001-05,0
STIN,2001-06,0
STIN,2001-07,0
STIN,2001-08,0
STIN,2001-09,0.12
STIN,2001-10,0.14
STIN,2001-11,1.49
STIN,2001-12,2.81
STIN,2002-01,0.76
STIN,2002-02,0.43
STIN,2002-03,0.97
STIN,2002-04,0.4
STIN,2002-05,0.27
STIN,2002-06,0
STIN,2002-07,0
STIN,2002-08,0
STIN,2002-09,0
STIN,2002-10,0
STIN,2002-11,1.75
STIN,2002-12,5.48
STIN,2003-01,0.64
STIN,2003-02,1.44
STIN,2003-03,0.99
STIN,2003-04,1.18
STIN,2003-05,0.85
STIN,2003-06,0
STIN,2003-07,0
STIN,2003-08,0.09
STIN,2003-09,0
STIN,2003-10,0.02
STIN,2003-11,0.56
STIN,2003-12,3.16
STIN,2004-01,1.17
STIN,2004-02,3.47
STIN,2004-03,0.22
STIN,2004-04,0.01
STIN,2004-05,0.03
STIN,2004-06,0
STIN,2004-07,0
STIN,2004-08,0
STIN,2004-09,0.05
STIN,2004-10,2.83
STIN,2004-11,0.69
STIN,2004-12,3.89
STPO,1991-01,3.9
STPO,1991-02,4.02
STPO,1991-03,27.58
STPO,1991-04,2.23
STPO,1991-05,2.19
STPO,1991-06,1.06
STPO,1991-07,0
STPO,1991-08,0.04
STPO,1991-09,0.03
STPO,1991-10,4.07
STPO,1991-11,2.12
STPO,1991-12,6.76
STPO,1992-01,4.94
STPO,1992-02,17.4
STPO,1992-03,7.2
STPO,1992-04,3.6
STPO,1992-05,0.44
STPO,1992-06,2.6
STPO,1992-07,0
STPO,1992-08,0.04
STPO,1992-09,0
STPO,1992-10,5.65
STPO,1992-11,1.05
STPO,1992-12,16.35
STPO,1993-01,23.35
STPO,1993-02,14.22
STPO,1993-03,7.74
STPO,1993-04,4.66
STPO,1993-05,3.46
STPO,1993-06,2.58
STPO,1993-07,0
STPO,1993-08,0.85
STPO,1993-09,0
STPO,1993-10,2.91
STPO,1993-11,4.08
STPO,1993-12,9.91
STPO,1994-01,5.12
STPO,1994-02,11.6
STPO,1994-03,1.53
STPO,1994-04,4.76
STPO,1994-05,2.49
STPO,1994-06,0.22
STPO,1994-07,0
STPO,1994-08,0
STPO,1994-09,0.21
STPO,1994-10,0.82
STPO,1994-11,8.9
STPO,1994-12,12.06
STPO,1995-01,37.12
STPO,1995-02,2.42
STPO,1995-03,28.71
STPO,1995-04,11.3
STPO,1995-05,5.92
STPO,1995-06,3.66
STPO,1995-07,0
STPO,1995-08,0
STPO,1995-09,0
STPO,1995-10,0
STPO,1995-11,0.31
STPO,1995-12,18.76
STPO,1996-01,12.94
STPO,1996-02,16.46
STPO,1996-03,6.12
STPO,1996-04,7.14
STPO,1996-05,7.17
STPO,1996-06,0.74
STPO,1996-07,0
STPO,1996-08,0
STPO,1996-09,1.37
STPO,1996-10,3.31
STPO,1996-11,7.1
STPO,1996-12,30.33
STPO,1997-01,24.55
STPO,1997-02,0.82
STPO,1997-03,3.88
STPO,1997-04,3.54
STPO,1997-05,0.86
STPO,1997-06,1.46
STPO,1997-07,0.24
STPO,1997-08,1.29
STPO,1997-09,0.79
STPO,1997-10,5.37
STPO,1997-11,13.89
STPO,1997-12,5.7
STPO,1998-01,26.03
STPO,1998-02,27.16
STPO,1998-03,7.79
STPO,1998-04,7.01
STPO,1998-05,10.34
STPO,1998-06,2.15
STPO,1998-07,0
STPO,1998-08,0
STPO,1998-09,0.85
STPO,1998-10,2.16
STPO,1998-11,12.91
STPO,1998-12,5.88
STPO,1999-01,8.82
STPO,1999-02,16.77
STPO,1999-03,6.58
STPO,1999-04,4
STPO,1999-05,0.33
STPO,1999-06,0.45
STPO,1999-07,0
STPO,1999-08,0.19
STPO,1999-09,0
STPO,1999-10,3.22
STPO,1999-11,7.53
STPO,1999-12,1.97
STPO,2000-01,13.44
STPO,2000-02,25.66
STPO,2000-03,6.69
STPO,2000-04,3.72
STPO,2000-05,2.13
STPO,2000-06,0.6
STPO,2000-07,0
STPO,2000-08,0
STPO,2000-09,1
STPO,2000-10,7.18
STPO,2000-11,2.27
STPO,2000-12,3.41
STPO,2001-01,8.54
STPO,2001-02,13.78
STPO,2001-03,4.75
STPO,2001-04,4.53
STPO,2001-05,0.06
STPO,2001-06,0.43
STPO,2001-07,0.06
STPO,2001-08,0
STPO,2001-09,0.71
STPO,2001-10,2.7
STPO,2001-11,12.92
STPO,2001-12,18.93
STPO,2002-01,8.09
STPO,2002-02,4.42
STPO,2002-03,6.49
STPO,2002-04,2.39
STPO,2002-05,1.48
STPO,2002-06,0
STPO,2002-07,0.04
STPO,2002-08,0
STPO,2002-09,0
STPO,2002-10,0
STPO,2002-11,6.21
STPO,2002-12,33.75
STPO,2003-01,9.07
STPO,2003-02,4.9
STPO,2003-03,7.35
STPO,2003-04,13.62
STPO,2003-05,3.41
STPO,2003-06,0
STPO,2003-07,0
STPO,2003-08,0.69
STPO,2003-09,0.01
STPO,2003-10,0.12
STPO,2003-11,5.98
STPO,2003-12,20.99
STPO,2004-01,7.59
STPO,2004-02,17.57
STPO,2004-03,2.49
STPO,2004-04,1.78
STPO,2004-05,0.98
STPO,2004-06,0.12
STPO,2004-07,0
STPO,2004-08,0
STPO,2004-09,0.22
STPO,2004-10,9.33
STPO,2004-11,2.68
STPO,2004-12,12.67
STTO_BH,1991-01,0.88
STTO_BH,1991-02,1.76
STTO_BH,1991-03,13.86
STTO_BH,1991-04,0.32
STTO_BH,1991-05,0.16
STTO_BH,1991-06,0.18
STTO_BH,1991-07,0
STTO_BH,1991-08,0.05
STTO_BH,1991-09,0
STTO_BH,1991-10,3.56
STTO_BH,1991-11,0.99
STTO_BH,1991-12,2.31
STTO_BH,1992-01,1.7
STTO_BH,1992-02,7.49
STTO_BH,1992-03,3.14
STTO_BH,1992-04,0.1
STTO_BH,1992-05,0
STTO_BH,1992-06,0.07
STTO_BH,1992-07,1.49
STTO_BH,1992-08,0
STTO_BH,1992-09,0
STTO_BH,1992-10,2.56
STTO_BH,1992-11,0.48
STTO_BH,1992-12,7.06
STTO_BH,1993-01,12.37
STTO_BH,1993-02,5.88
STTO_BH,1993-03,3.69
STTO_BH,1993-04,0.53
STTO_BH,1993-05,0.52
STTO_BH,1993-06,1.45
STTO_BH,1993-07,0
STTO_BH,1993-08,0
STTO_BH,1993-09,0
STTO_BH,1993-10,0.74
STTO_BH,1993-11,1.29
STTO_BH,1993-12,2.51
STTO_BH,1994-01,1.76
STTO_BH,1994-02,4.08
STTO_BH,1994-03,0.64
STTO_BH,1994-04,2.53
STTO_BH,1994-05,1.6
STTO_BH,1994-06,0.05
STTO_BH,1994-07,0
STTO_BH,1994-08,0
STTO_BH,1994-09,0.15
STTO_BH,1994-10,2.12
STTO_BH,1994-11,3.59
STTO_BH,1994-12,2.48
STTO_BH,1995-01,11.74
STTO_BH,1995-02,1.42
STTO_BH,1995-03,10.93
STTO_BH,1995-04,2.5
STTO_BH,1995-05,2.78
STTO_BH,1995-06,0.92
STTO_BH,1995-07,0.06
STTO_BH,1995-08,0.02
STTO_BH,1995-09,0
STTO_BH,1995-10,0
STTO_BH,1995-11,0.04
STTO_BH,1995-12,5.54
STTO_BH,1996-01,2.55
STTO_BH,1996-02,6.34
STTO_BH,1996-03,3.48
STTO_BH,1996-04,2.49
STTO_BH,1996-05,1.21
STTO_BH,1996-06,0.38
STTO_BH,1996-07,0.02
STTO_BH,1996-08,0
STTO_BH,1996-09,0
STTO_BH,1996-10,2.3
STTO_BH,1996-11,7.46
STTO_BH,1996-12,14.61
STTO_BH,1997-01,15.16
STTO_BH,1997-02,0.14
STTO_BH,1997-03,0.18
STTO_BH,1997-04,0.38
STTO_BH,1997-05,0.02
STTO_BH,1997-06,0.11
STTO_BH,1997-07,0.05
STTO_BH,1997-08,0
STTO_BH,1997-09,0.08
STTO_BH,1997-10,0.25
STTO_BH,1997-11,2.82
STTO_BH,1997-12,2.18
STTO_BH,1998-01,10.09
STTO_BH,1998-02,10.59
STTO_BH,1998-03,5.05
STTO_BH,1998-04,3.45
STTO_BH,1998-05,3.03
STTO_BH,1998-06,1.49
STTO_BH,1998-07,0.01
STTO_BH,1998-08,0
STTO_BH,1998-09,0.4
STTO_BH,1998-10,0.15
STTO_BH,1998-11,1.39
STTO_BH,1998-12,2.29
STTO_BH,1999-01,4.98
STTO_BH,1999-02,5.18
STTO_BH,1999-03,1.74
STTO_BH,1999-04,2.66
STTO_BH,1999-05,0.34
STTO_BH,1999-06,0.25
STTO_BH,1999-07,0
STTO_BH,1999-08,0
STTO_BH,1999-09,0
STTO_BH,1999-10,0.05
STTO_BH,1999-11,1.82
STTO_BH,1999-12,0.07
STTO_BH,2000-01,7.95
STTO_BH,2000-02,11.39
STTO_BH,2000-03,2.46
STTO_BH,2000-04,2.42
STTO_BH,2000-05,0.95
STTO_BH,2000-06,0.76
STTO_BH,2000-07,0
STTO_BH,2000-08,0
STTO_BH,2000-09,0.45
STTO_BH,2000-10,3.13
STTO_BH,2000-11,0.48
STTO_BH,2000-12,0.47
STTO_BH,2001-01,4.76
STTO_BH,2001-02,4.36
STTO_BH,2001-03,2.63
STTO_BH,2001-04,2.96
STTO_BH,2001-05,0.07
STTO_BH,2001-06,0
STTO_BH,2001-07,0.05
STTO_BH,2001-08,0
STTO_BH,2001-09,0.1
STTO_BH,2001-10,0.67
STTO_BH,2001-11,4.31
STTO_BH,2001-12,7.08
STTO_BH,2002-01,1.98
STTO_BH,2002-02,1.9
STTO_BH,2002-03,2.47
STTO_BH,2002-04,0.88
STTO_BH,2002-05,1.06
STTO_BH,2002-06,0.08
STTO_BH,2002-07,0.03
STTO_BH,2002-08,0
STTO_BH,2002-09,0.08
STTO_BH,2002-10,0.07
STTO_BH,2002-11,4.3
STTO_BH,2002-12,5.98
STTO_BH,2003-01,1.11
STTO_BH,2003-02,2.39
STTO_BH,2003-03,1.78
STTO_BH,2003-04,3.8
STTO_BH,2003-05,1.88
STTO_BH,2003-06,0.05
STTO_BH,2003-07,0.05
STTO_BH,2003-08,0.51
STTO_BH,2003-09,0
STTO_BH,2003-10,0
STTO_BH,2003-11,1.03
STTO_BH,2003-12,6.02
STTO_BH,2004-01,2.37
STTO_BH,2004-02,5.01
STTO_BH,2004-03,1.42
STTO_BH,2004-04,0.22
STTO_BH,2004-05,0.21
STTO_BH,2004-06,0.06
STTO_BH,2004-07,0
STTO_BH,2004-08,0
STTO_BH,2004-09,0.02
STTO_BH,2004-10,6.61
STTO_BH,2004-11,1.91
STTO_BH,2004-12,4.54
STTO_TM2,1991-01,1.4
STTO_TM2,1991-02,3.46
STTO_TM2,1991-03,17.91
STTO_TM2,1991-04,1.17
STTO_TM2,1991-05,1.58
STTO_TM2,1991-06,0.93
STTO_TM2,1991-07,0
STTO_TM2,1991-08,0.12
STTO_TM2,1991-09,0
STTO_TM2,1991-10,2.53
STTO_TM2,1991-11,1.61
STTO_TM2,1991-12,4.43
STTO_TM2,1992-01,3.37
STTO_TM2,1992-02,11.68
STTO_TM2,1992-03,5.11
STTO_TM2,1992-04,2.59
STTO_TM2,1992-05,0.03
STTO_TM2,1992-06,1.58
STTO_TM2,1992-07,0
STTO_TM2,1992-08,0
STTO_TM2,1992-09,0
STTO_TM2,1992-10,3.41
STTO_TM2,1992-11,0.76
STTO_TM2,1992-12,10.1
STTO_TM2,1993-01,16.66
STTO_TM2,1993-02,10.59
STTO_TM2,1993-03,4.95
STTO_TM2,1993-04,3.32
STTO_TM2,1993-05,2.61
STTO_TM2,1993-06,1.57
STTO_TM2,1993-07,0
STTO_TM2,1993-08,0.94
STTO_TM2,1993-09,0
STTO_TM2,1993-10,1.64
STTO_TM2,1993-11,3.05
STTO_TM2,1993-12,5.76
STTO_TM2,1994-01,3.32
STTO_TM2,1994-02,7.59
STTO_TM2,1994-03,0.96
STTO_TM2,1994-04,2.76
STTO_TM2,1994-05,1.91
STTO_TM2,1994-06,0.05
STTO_TM2,1994-07,0
STTO_TM2,1994-08,0
STTO_TM2,1994-09,0.06
STTO_TM2,1994-10,0.99
STTO_TM2,1994-11,7.05
STTO_TM2,1994-12,9.07
STTO_TM2,1995-01,21.67
STTO_TM2,1995-02,1.27
STTO_TM2,1995-03,17.76
STTO_TM2,1995-04,5.51
STTO_TM2,1995-05,3.66
STTO_TM2,1995-06,2.53
STTO_TM2,1995-07,0.04
STTO_TM2,1995-08,0
STTO_TM2,1995-09,0
STTO_TM2,1995-10,0
STTO_TM2,1995-11,0.25
STTO_TM2,1995-12,11.34
STTO_TM2,1996-01,9.23
STTO_TM2,1996-02,10.51
STTO_TM2,1996-03,3.63
STTO_TM2,1996-04,5.24
STTO_TM2,1996-05,5.69
STTO_TM2,1996-06,0.22
STTO_TM2,1996-07,0.02
STTO_TM2,1996-08,0
STTO_TM2,1996-09,0.54
STTO_TM2,1996-10,2.54
STTO_TM2,1996-11,4.71
STTO_TM2,1996-12,17.44
STTO_TM2,1997-01,15.49
STTO_TM2,1997-02,0.46
STTO_TM2,1997-03,2.1
STTO_TM2,1997-04,1.67
STTO_TM2,1997-05,0.61
STTO_TM2,1997-06,1.05
STTO_TM2,1997-07,0.11
STTO_TM2,1997-08,0.95
STTO_TM2,1997-09,0.49
STTO_TM2,1997-10,3.56
STTO_TM2,1997-11,8.98
STTO_TM2,1997-12,3.74
STTO_TM2,1998-01,16.65
STTO_TM2,1998-02,17.8
STTO_TM2,1998-03,5.24
STTO_TM2,1998-04,4.68
STTO_TM2,1998-05,6.39
STTO_TM2,1998-06,1.12
STTO_TM2,1998-07,0
STTO_TM2,1998-08,0
STTO_TM2,1998-09,0.53
STTO_TM2,1998-10,1.81
STTO_TM2,1998-11,8.68
STTO_TM2,1998-12,3.88
STTO_TM2,1999-01,6.45
STTO_TM2,1999-02,11.19
STTO_TM2,1999-03,3.29
STTO_TM2,1999-04,2.21
STTO_TM2,1999-05,0.29
STTO_TM2,1999-06,0.37
STTO_TM2,1999-07,0
STTO_TM2,1999-08,0.09
STTO_TM2,1999-09,0
STTO_TM2,1999-10,1.88
STTO_TM2,1999-11,4.17
STTO_TM2,1999-12,1.09
STTO_TM2,2000-01,9.76
STTO_TM2,2000-02,16.16
STTO_TM2,2000-03,4.56
STTO_TM2,2000-04,2.25
STTO_TM2,2000-05,1.72
STTO_TM2,2000-06,0.58
STTO_TM2,2000-07,0
STTO_TM2,2000-08,0
STTO_TM2,2000-09,0.43
STTO_TM2,2000-10,5.18
STTO_TM2,2000-11,1.35
STTO_TM2,2000-12,2.08
STTO_TM2,2001-01,5.72
STTO_TM2,2001-02,7.99
STTO_TM2,2001-03,2.9
STTO_TM2,2001-04,3.02
STTO_TM2,2001-05,0.02
STTO_TM2,2001-06,0.19
STTO_TM2,2001-07,0
STTO_TM2,2001-08,0
STTO_TM2,2001-09,0.39
STTO_TM2,2001-10,1.26
STTO_TM2,2001-11,8.33
STTO_TM2,2001-12,12.18
STTO_TM2,2002-01,5.35
STTO_TM2,2002-02,3.17
STTO_TM2,2002-03,4.86
STTO_TM2,2002-04,1.21
STTO_TM2,2002-05,1.41
STTO_TM2,2002-06,0
STTO_TM2,2002-07,0
STTO_TM2,2002-08,0
STTO_TM2,2002-09,0
STTO_TM2,2002-10,0
STTO_TM2,2002-11,4.7
STTO_TM2,2002-12,18.13
STTO_TM2,2003-01,5.47
STTO_TM2,2003-02,3.28
STTO_TM2,2003-03,3.84
STTO_TM2,2003-04,8.23
STTO_TM2,2003-05,1.97
STTO_TM2,2003-06,0
STTO_TM2,2003-07,0
STTO_TM2,2003-08,0.99
STTO_TM2,2003-09,0
STTO_TM2,2003-10,0.2
STTO_TM2,2003-11,4.42
STTO_TM2,2003-12,13.07
STTO_TM2,2004-01,4.97
STTO_TM2,2004-02,10.54
STTO_TM2,2004-03,1.87
STTO_TM2,2004-04,0.67
STTO_TM2,2004-05,0.36
STTO_TM2,2004-06,0
STTO_TM2,2004-07,0
STTO_TM2,2004-08,0
STTO_TM2,2004-09,0.38
STTO_TM2,2004-10,5.9
STTO_TM2,2004-11,2.71
STTO_TM2,2004-12,9.1
CAAM,2005-01,24.52
CAAM,2005-02,19.5
CAAM,2005-03,3.68
CAAM,2005-04,1.01
CAAM,2005-05,1.12
CAAM,2005-06,0
CAAM,2005-07,0
CAAM,2005-08,0.03
CAAM,2005-09,0.53
CAAM,2005-10,3.4
CAAM,2005-11,0.28
CAAM,2005-12,0.47
CAAM,2006-01,5.21
CAAM,2006-02,3.23
CAAM,2006-03,9.23
CAAM,2006-04,5.39
CAAM,2006-05,1.33
CAAM,2006-06,0
CAAM,2006-07,0
CAAM,2006-08,0
CAAM,2006-09,0.02
CAAM,2006-10,0.19
CAAM,2006-11,0.13
CAAM,2006-12,1.52
CAAM,2007-01,0.75
CAAM,2007-02,2.72
CAAM,2007-03,0.57
CAAM,2007-04,1.32
CAAM,2007-05,0
CAAM,2007-06,0
CAAM,2007-07,0.21
CAAM,2007-08,0.04
CAAM,2007-09,2.4
CAAM,2007-10,0.41
CAAM,2007-11,0
CAAM,2007-12,4.58
CAAM,2008-01,18.46
CAAM,2008-02,2.45
CAAM,2008-03,0.27
CAAM,2008-04,0.03
CAAM,2008-05,5.5
CAAM,2008-06,0
CAAM,2008-07,0
CAAM,2008-08,0
CAAM,2008-09,0.04
CAAM,2008-10,0.07
CAAM,2008-11,2.51
CAAM,2008-12,2.66
CAAM,2009-01,0.67
CAAM,2009-02,8.75
CAAM,2009-03,0.9
CAAM,2009-04,0.16
CAAM,2009-05,0
CAAM,2009-06,0.1
CAAM,2009-07,0
CAAM,2009-08,0
CAAM,2009-09,0
CAAM,2009-10,1.89
CAAM,2009-11,0.26
CAAM,2009-12,5.41
CAAM,2010-01,8.56
CAAM,2010-02,7.5
CAAM,2010-03,1.25
CAAM,2010-04,3.06
CAAM,2010-05,0.06
CAAM,2010-06,0.03
CAAM,2010-07,0
CAAM,2010-08,0
CAAM,2010-09,0
CAAM,2010-10,2.3
CAAM,2010-11,1.67
CAAM,2010-12,16.77
CAAM,2011-01,0.84
CAAM,2011-02,6.08
CAAM,2011-03,6.79
CAAM,2011-04,0.17
CAAM,2011-05,0.73
CAAM,2011-06,0.14
CAAM,2011-07,0
CAAM,2011-08,0
CAAM,2011-09,0.02
CAAM,2011-10,1.55
CAAM,2011-11,2.15
CAAM,2011-12,0.93
CAAM,2012-01,1.33
CAAM,2012-02,0.84
CAAM,2012-03,4.94
CAAM,2012-04,3.81
CAAM,2012-05,0.08
CAAM,2012-06,0
CAAM,2012-07,0.02
CAAM,2012-08,0.08
CAAM,2012-09,0.01
CAAM,2012-10,0.68
CAAM,2012-11,1.88
CAAM,2012-12,4.8
CAAM,2013-01,2.77
CAAM,2013-02,0.99
CAAM,2013-03,1.13
CAAM,2013-04,0.09
CAAM,2013-05,1.86
CAAM,2013-06,0
CAAM,2013-07,0
CAAM,2013-08,0.01
CAAM,2013-09,0
CAAM,2013-10,0.72
CAAM,2013-11,1.32
CAAM,2013-12,0.72
CAAM,2014-01,0.1
CAAM,2014-02,1.55
CAAM,2014-03,7.62
CAAM,2014-04,0.95
CAAM,2014-05,0.07
CAAM,2014-06,0
CAAM,2014-07,0
CAAM,2014-08,0.05
CAAM,2014-09,0.07
CAAM,2014-10,0
CAAM,2014-11,1.29
CAAM,2014-12,7.15
CAAM,2015-01,1.56
CAAM,2015-02,2.08
CAAM,2015-03,0.93
CAAM,2015-04,0.52
CAAM,2015-05,1.81
CAAM,2015-06,0.01
CAAM,2015-07,2.15
CAAM,2015-08,0
CAAM,2015-09,2.29
CAAM,2015-10,1.05
CAAM,2015-11,0.53
CAAM,2015-12,1.2
CAAM,2016-01,6.14
CAAM,2016-02,4.1
CAAM,2016-03,3.44
CAAM,2016-04,0.86
CAAM,2016-05,0.36
CAAM,2016-06,0.05
CAAM,2016-07,0
CAAM,2016-08,0
CAAM,2016-09,0.07
CAAM,2016-10,0.67
CAAM,2016-11,1.55
CAAM,2016-12,6.69
CAAM,2017-01,14.51
CAAM,2017-02,5.04
CAAM,2017-03,0.79
CAAM,2017-04,0.27
CAAM,2017-05,0.71
CAAM,2017-06,0
CAAM,2017-07,0
CAAM,2017-08,0.03
CAAM,2017-09,0.57
CAAM,2017-10,0.03
CAAM,2017-11,0.14
CAAM,2017-12,0
CAAM,2018-01,4.64
CAAM,2018-02,0.54
CAAM,2018-03,7.38
CAAM,2018-04,0
CAAM,2018-05,0.34
CAAM,2018-06,0
CAAM,2018-07,0
CAAM,2018-08,0
CAAM,2018-09,0
CAAM,2018-10,0.62
CAAM,2018-11,3.65
CAAM,2018-12,3.92
CAAM,2019-01,9.82
CAAM,2019-02,16.08
CAAM,2019-03,5.56
CAAM,2019-04,0.14
CAAM,2019-05,2.32
CAAM,2019-06,0.05
CAAM,2019-07,0
CAAM,2019-08,0
CAAM,2019-09,0.13
CAAM,2019-10,0
CAAM,2019-11,3.11
CAAM,2019-12,7.1
,,
CAIN3,2005-01,5.7
CAIN3,2005-02,8.38
CAIN3,2005-03,1.71
CAIN3,2005-04,0.93
CAIN3,2005-05,0.73
CAIN3,2005-06,0
CAIN3,2005-07,0
CAIN3,2005-08,0
CAIN3,2005-09,0.39
CAIN3,2005-10,1.34
CAIN3,2005-11,0.66
CAIN3,2005-12,0.53
CAIN3,2006-01,4.27
CAIN3,2006-02,1.44
CAIN3,2006-03,3.36
CAIN3,2006-04,3.05
CAIN3,2006-05,0.93
CAIN3,2006-06,0
CAIN3,2006-07,0.28
CAIN3,2006-08,0
CAIN3,2006-09,0
CAIN3,2006-10,0.35
CAIN3,2006-11,0.29
CAIN3,2006-12,0.43
CAIN3,2007-01,0.17
CAIN3,2007-02,1.91
CAIN3,2007-03,0.21
CAIN3,2007-04,0.4
CAIN3,2007-05,0
CAIN3,2007-06,0
CAIN3,2007-07,0
CAIN3,2007-08,0
CAIN3,2007-09,0.27
CAIN3,2007-10,0.19
CAIN3,2007-11,0.12
CAIN3,2007-12,1.19
CAIN3,2008-01,6.74
CAIN3,2008-02,1.7
CAIN3,2008-03,0.03
CAIN3,2008-04,0.05
CAIN3,2008-05,0.4
CAIN3,2008-06,0
CAIN3,2008-07,0
CAIN3,2008-08,0
CAIN3,2008-09,0
CAIN3,2008-10,0.13
CAIN3,2008-11,2.69
CAIN3,2008-12,2
CAIN3,2009-01,0.9
CAIN3,2009-02,3.62
CAIN3,2009-03,0.75
CAIN3,2009-04,0.14
CAIN3,2009-05,0.24
CAIN3,2009-06,0.04
CAIN3,2009-07,0
CAIN3,2009-08,0.08
CAIN3,2009-09,0
CAIN3,2009-10,1.22
CAIN3,2009-11,0.09
CAIN3,2009-12,1.57
CAIN3,2010-01,4.19
CAIN3,2010-02,2.25
CAIN3,2010-03,0.44
CAIN3,2010-04,1.72
CAIN3,2010-05,0.07
CAIN3,2010-06,0
CAIN3,2010-07,0.01
CAIN3,2010-08,0
CAIN3,2010-09,0
CAIN3,2010-10,2.22
CAIN3,2010-11,0.68
CAIN3,2010-12,6.65
CAIN3,2011-01,1.01
CAIN3,2011-02,1.72
CAIN3,2011-03,4.53
CAIN3,2011-04,0.23
CAIN3,2011-05,0.9
CAIN3,2011-06,0.17
CAIN3,2011-07,0.23
CAIN3,2011-08,0
CAIN3,2011-09,0.46
CAIN3,2011-10,0.23
CAIN3,2011-11,1.78
CAIN3,2011-12,0.03
CAIN3,2012-01,0.69
CAIN3,2012-02,0.51
CAIN3,2012-03,2.96
CAIN3,2012-04,1.84
CAIN3,2012-05,0
CAIN3,2012-06,0
CAIN3,2012-07,0.02
CAIN3,2012-08,0.04
CAIN3,2012-09,0.1
CAIN3,2012-10,0.65
CAIN3,2012-11,0.22
CAIN3,2012-12,1.31
CAIN3,2013-01,1.55
CAIN3,2013-02,0.48
CAIN3,2013-03,0.79
CAIN3,2013-04,0.14
CAIN3,2013-05,0.12
CAIN3,2013-06,0
CAIN3,2013-07,0.33
CAIN3,2013-08,0
CAIN3,2013-09,0
CAIN3,2013-10,0.05
CAIN3,2013-11,0.37
CAIN3,2013-12,0.21
CAIN3,2014-01,0.02
CAIN3,2014-02,1.68
CAIN3,2014-03,1.4
CAIN3,2014-04,0.49
CAIN3,2014-05,0.06
CAIN3,2014-06,0
CAIN3,2014-07,0
CAIN3,2014-08,0.08
CAIN3,2014-09,0
CAIN3,2014-10,0
CAIN3,2014-11,0.55
CAIN3,2014-12,1.28
CAIN3,2015-01,1.27
CAIN3,2015-02,0.28
CAIN3,2015-03,0.32
CAIN3,2015-04,0.19
CAIN3,2015-05,0.22
CAIN3,2015-06,0.48
CAIN3,2015-07,1.9
CAIN3,2015-08,0
CAIN3,2015-09,0.18
CAIN3,2015-10,0.37
CAIN3,2015-11,0.41
CAIN3,2015-12,0.64
CAIN3,2016-01,2.37
CAIN3,2016-02,0.87
CAIN3,2016-03,2.11
CAIN3,2016-04,0.59
CAIN3,2016-05,0.3
CAIN3,2016-06,0
CAIN3,2016-07,0
CAIN3,2016-08,0
CAIN3,2016-09,0
CAIN3,2016-10,0.57
CAIN3,2016-11,1.03
CAIN3,2016-12,2.26
CAIN3,2017-01,4.66
CAIN3,2017-02,3.64
CAIN3,2017-03,0.53
CAIN3,2017-04,0.21
CAIN3,2017-05,0.41
CAIN3,2017-06,0
CAIN3,2017-07,0
CAIN3,2017-08,0.04
CAIN3,2017-09,0.5
CAIN3,2017-10,0
CAIN3,2017-11,0.01
CAIN3,2017-12,0.02
CAIN3,2018-01,1.19
CAIN3,2018-02,0.16
CAIN3,2018-03,3.87
CAIN3,2018-04,0.13
CAIN3,2018-05,0.15
CAIN3,2018-06,0
CAIN3,2018-07,0
CAIN3,2018-08,0
CAIN3,2018-09,0
CAIN3,2018-10,0.08
CAIN3,2018-11,0.71
CAIN3,2018-12,0.69
CAIN3,2019-01,2.12
CAIN3,2019-02,5.85
CAIN3,2019-03,2.41
CAIN3,2019-04,0.16
CAIN3,2019-05,1.96
CAIN3,2019-06,0.3
CAIN3,2019-07,0
CAIN3,2019-08,0
CAIN3,2019-09,0
CAIN3,2019-10,0
CAIN3,2019-11,1.37
CAIN3,2019-12,3.14
,,
CAIN4,2005-01,3.95
CAIN4,2005-02,2.78
CAIN4,2005-03,1.33
CAIN4,2005-04,0.58
CAIN4,2005-05,0.62
CAIN4,2005-06,0
CAIN4,2005-07,0
CAIN4,2005-08,0
CAIN4,2005-09,0
CAIN4,2005-10,0.92
CAIN4,2005-11,0.48
CAIN4,2005-12,0.92
CAIN4,2006-01,2.55
CAIN4,2006-02,0.52
CAIN4,2006-03,2.15
CAIN4,2006-04,3.21
CAIN4,2006-05,0.27
CAIN4,2006-06,0
CAIN4,2006-07,0
CAIN4,2006-08,0
CAIN4,2006-09,0
CAIN4,2006-10,0.4
CAIN4,2006-11,0.19
CAIN4,2006-12,0.62
CAIN4,2007-01,0.58
CAIN4,2007-02,1.49
CAIN4,2007-03,0.22
CAIN4,2007-04,0.29
CAIN4,2007-05,0
CAIN4,2007-06,0
CAIN4,2007-07,0
CAIN4,2007-08,0.09
CAIN4,2007-09,0.12
CAIN4,2007-10,0.2
CAIN4,2007-11,0.12
CAIN4,2007-12,0.97
CAIN4,2008-01,4.77
CAIN4,2008-02,0.9
CAIN4,2008-03,0.06
CAIN4,2008-04,0.06
CAIN4,2008-05,0.1
CAIN4,2008-06,0
CAIN4,2008-07,0
CAIN4,2008-08,0
CAIN4,2008-09,0
CAIN4,2008-10,0.09
CAIN4,2008-11,1.73
CAIN4,2008-12,1.36
CAIN4,2009-01,0.3
CAIN4,2009-02,2.69
CAIN4,2009-03,0.53
CAIN4,2009-04,0.12
CAIN4,2009-05,0.13
CAIN4,2009-06,0
CAIN4,2009-07,0
CAIN4,2009-08,0.06
CAIN4,2009-09,0
CAIN4,2009-10,1.18
CAIN4,2009-11,0.09
CAIN4,2009-12,1.84
CAIN4,2010-01,3.2
CAIN4,2010-02,2.19
CAIN4,2010-03,0.39
CAIN4,2010-04,1.42
CAIN4,2010-05,0.08
CAIN4,2010-06,0
CAIN4,2010-07,0
CAIN4,2010-08,0
CAIN4,2010-09,0
CAIN4,2010-10,1.79
CAIN4,2010-11,0.54
CAIN4,2010-12,7.46
CAIN4,2011-01,0.79
CAIN4,2011-02,1.39
CAIN4,2011-03,2.37
CAIN4,2011-04,0.28
CAIN4,2011-05,0.42
CAIN4,2011-06,0.33
CAIN4,2011-07,0
CAIN4,2011-08,0
CAIN4,2011-09,0.63
CAIN4,2011-10,0.36
CAIN4,2011-11,1.57
CAIN4,2011-12,0.07
CAIN4,2012-01,0.46
CAIN4,2012-02,0.37
CAIN4,2012-03,1.94
CAIN4,2012-04,1.47
CAIN4,2012-05,0
CAIN4,2012-06,0
CAIN4,2012-07,0
CAIN4,2012-08,0
CAIN4,2012-09,0.02
CAIN4,2012-10,0.39
CAIN4,2012-11,0.19
CAIN4,2012-12,1
CAIN4,2013-01,1.44
CAIN4,2013-02,0.36
CAIN4,2013-03,0.59
CAIN4,2013-04,0.11
CAIN4,2013-05,0.02
CAIN4,2013-06,0
CAIN4,2013-07,0
CAIN4,2013-08,0
CAIN4,2013-09,0
CAIN4,2013-10,0.13
CAIN4,2013-11,0.28
CAIN4,2013-12,0.16
CAIN4,2014-01,0
CAIN4,2014-02,0.84
CAIN4,2014-03,0.84
CAIN4,2014-04,0.36
CAIN4,2014-05,0.06
CAIN4,2014-06,0
CAIN4,2014-07,0
CAIN4,2014-08,0
CAIN4,2014-09,0
CAIN4,2014-10,0
CAIN4,2014-11,0.43
CAIN4,2014-12,2.5
CAIN4,2015-01,0.82
CAIN4,2015-02,0.88
CAIN4,2015-03,0.3
CAIN4,2015-04,0.11
CAIN4,2015-05,0.33
CAIN4,2015-06,0.28
CAIN4,2015-07,0.57
CAIN4,2015-08,0
CAIN4,2015-09,0.09
CAIN4,2015-10,0.45
CAIN4,2015-11,0.63
CAIN4,2015-12,0.83
CAIN4,2016-01,2.09
CAIN4,2016-02,1.32
CAIN4,2016-03,1.19
CAIN4,2016-04,0.83
CAIN4,2016-05,0.34
CAIN4,2016-06,0
CAIN4,2016-07,0
CAIN4,2016-08,0
CAIN4,2016-09,0
CAIN4,2016-10,0.73
CAIN4,2016-11,0.63
CAIN4,2016-12,1.85
CAIN4,2017-01,4.36
CAIN4,2017-02,3.74
CAIN4,2017-03,0.69
CAIN4,2017-04,0.4
CAIN4,2017-05,0.35
CAIN4,2017-06,0
CAIN4,2017-07,0
CAIN4,2017-08,0.04
CAIN4,2017-09,0.55
CAIN4,2017-10,0.01
CAIN4,2017-11,0.08
CAIN4,2017-12,0.01
CAIN4,2018-01,1.22
CAIN4,2018-02,0.23
CAIN4,2018-03,3.18
CAIN4,2018-04,0.18
CAIN4,2018-05,0.07
CAIN4,2018-06,0
CAIN4,2018-07,0
CAIN4,2018-08,0
CAIN4,2018-09,0
CAIN4,2018-10,0.05
CAIN4,2018-11,0.8
CAIN4,2018-12,0.5
CAIN4,2019-01,1.84
CAIN4,2019-02,3.95
CAIN4,2019-03,2.5
CAIN4,2019-04,0.16
CAIN4,2019-05,1.35
CAIN4,2019-06,0.18
CAIN4,2019-07,0
CAIN4,2019-08,0
CAIN4,2019-09,0
CAIN4,2019-10,0
CAIN4,2019-11,1.09
CAIN4,2019-12,2.9
,,
CAAN1,2005-01,3.49
CAAN1,2005-02,1.44
CAAN1,2005-03,1.91
CAAN1,2005-04,0.39
CAAN1,2005-05,0.61
CAAN1,2005-06,0
CAAN1,2005-07,0
CAAN1,2005-08,0
CAAN1,2005-09,0
CAAN1,2005-10,0.92
CAAN1,2005-11,0.52
CAAN1,2005-12,0.87
CAAN1,2006-01,2.62
CAAN1,2006-02,0.27
CAAN1,2006-03,2.58
CAAN1,2006-04,3.17
CAAN1,2006-05,0.23
CAAN1,2006-06,0
CAAN1,2006-07,0
CAAN1,2006-08,0
CAAN1,2006-09,0
CAAN1,2006-10,0.39
CAAN1,2006-11,0.25
CAAN1,2006-12,0.53
CAAN1,2007-01,0.59
CAAN1,2007-02,1.29
CAAN1,2007-03,0.24
CAAN1,2007-04,0.24
CAAN1,2007-05,0
CAAN1,2007-06,0
CAAN1,2007-07,0
CAAN1,2007-08,0.03
CAAN1,2007-09,0.14
CAAN1,2007-10,0.22
CAAN1,2007-11,0.13
CAAN1,2007-12,0.83
CAAN1,2008-01,5.08
CAAN1,2008-02,0.61
CAAN1,2008-03,0.05
CAAN1,2008-04,0.05
CAAN1,2008-05,0.11
CAAN1,2008-06,0
CAAN1,2008-07,0
CAAN1,2008-08,0
CAAN1,2008-09,0
CAAN1,2008-10,0.16
CAAN1,2008-11,2.16
CAAN1,2008-12,1.47
CAAN1,2009-01,0.28
CAAN1,2009-02,2.35
CAAN1,2009-03,0.59
CAAN1,2009-04,0.11
CAAN1,2009-05,0.13
CAAN1,2009-06,0.11
CAAN1,2009-07,0
CAAN1,2009-08,0.04
CAAN1,2009-09,0
CAAN1,2009-10,1.79
CAAN1,2009-11,0.08
CAAN1,2009-12,1.6
CAAN1,2010-01,3.02
CAAN1,2010-02,1.97
CAAN1,2010-03,0.54
CAAN1,2010-04,1.42
CAAN1,2010-05,0.09
CAAN1,2010-06,0
CAAN1,2010-07,0
CAAN1,2010-08,0
CAAN1,2010-09,0
CAAN1,2010-10,1.99
CAAN1,2010-11,0.39
CAAN1,2010-12,6.29
CAAN1,2011-01,0.45
CAAN1,2011-02,1.6
CAAN1,2011-03,3.73
CAAN1,2011-04,0.18
CAAN1,2011-05,0.43
CAAN1,2011-06,0.33
CAAN1,2011-07,0
CAAN1,2011-08,0
CAAN1,2011-09,0.52
CAAN1,2011-10,0.41
CAAN1,2011-11,1.41
CAAN1,2011-12,0.2
CAAN1,2012-01,0.86
CAAN1,2012-02,0.22
CAAN1,2012-03,1.72
CAAN1,2012-04,1.17
CAAN1,2012-05,0
CAAN1,2012-06,0
CAAN1,2012-07,0
CAAN1,2012-08,0
CAAN1,2012-09,0.02
CAAN1,2012-10,0.31
CAAN1,2012-11,0.14
CAAN1,2012-12,0.92
CAAN1,2013-01,0.74
CAAN1,2013-02,0.32
CAAN1,2013-03,0.6
CAAN1,2013-04,0.01
CAAN1,2013-05,0
CAAN1,2013-06,0
CAAN1,2013-07,0
CAAN1,2013-08,0
CAAN1,2013-09,0
CAAN1,2013-10,0.15
CAAN1,2013-11,0.26
CAAN1,2013-12,0.13
CAAN1,2014-01,0
CAAN1,2014-02,0.77
CAAN1,2014-03,1.09
CAAN1,2014-04,0.36
CAAN1,2014-05,0.06
CAAN1,2014-06,0
CAAN1,2014-07,0
CAAN1,2014-08,0
CAAN1,2014-09,0
CAAN1,2014-10,0
CAAN1,2014-11,0.47
CAAN1,2014-12,2.67
CAAN1,2015-01,0.54
CAAN1,2015-02,0.68
CAAN1,2015-03,0.24
CAAN1,2015-04,0.17
CAAN1,2015-05,0.31
CAAN1,2015-06,0.26
CAAN1,2015-07,0.65
CAAN1,2015-08,0
CAAN1,2015-09,0.08
CAAN1,2015-10,0.31
CAAN1,2015-11,0.51
CAAN1,2015-12,0.78
CAAN1,2016-01,2.74
CAAN1,2016-02,1.34
CAAN1,2016-03,1.9
CAAN1,2016-04,0.53
CAAN1,2016-05,0.31
CAAN1,2016-06,0
CAAN1,2016-07,0
CAAN1,2016-08,0
CAAN1,2016-09,0
CAAN1,2016-10,0.93
CAAN1,2016-11,0.91
CAAN1,2016-12,1.74
CAAN1,2017-01,5.47
CAAN1,2017-02,4.31
CAAN1,2017-03,1.18
CAAN1,2017-04,0.88
CAAN1,2017-05,0.41
CAAN1,2017-06,0
CAAN1,2017-07,0
CAAN1,2017-08,0.01
CAAN1,2017-09,0.49
CAAN1,2017-10,0.03
CAAN1,2017-11,0.05
CAAN1,2017-12,0
CAAN1,2018-01,1.45
CAAN1,2018-02,0.21
CAAN1,2018-03,4.77
CAAN1,2018-04,0.16
CAAN1,2018-05,0.06
CAAN1,2018-06,0
CAAN1,2018-07,0
CAAN1,2018-08,0
CAAN1,2018-09,0
CAAN1,2018-10,0.1
CAAN1,2018-11,0.61
CAAN1,2018-12,0.37
CAAN1,2019-01,1.94
CAAN1,2019-02,3.35
CAAN1,2019-03,2.89
CAAN1,2019-04,0.16
CAAN1,2019-05,1.19
CAAN1,2019-06,0.14
CAAN1,2019-07,0
CAAN1,2019-08,0
CAAN1,2019-09,0
CAAN1,2019-10,0
CAAN1,2019-11,1.14
CAAN1,2019-12,2.93
,,
CAAN2,2005-01,5.7
CAAN2,2005-02,8.38
CAAN2,2005-03,1.71
CAAN2,2005-04,0.93
CAAN2,2005-05,0.73
CAAN2,2005-06,0
CAAN2,2005-07,0
CAAN2,2005-08,0
CAAN2,2005-09,0.39
CAAN2,2005-10,1.34
CAAN2,2005-11,0.66
CAAN2,2005-12,0.53
CAAN2,2006-01,4.27
CAAN2,2006-02,1.44
CAAN2,2006-03,3.36
CAAN2,2006-04,3.05
CAAN2,2006-05,0.93
CAAN2,2006-06,0
CAAN2,2006-07,0.28
CAAN2,2006-08,0
CAAN2,2006-09,0
CAAN2,2006-10,0.35
CAAN2,2006-11,0.29
CAAN2,2006-12,0.43
CAAN2,2007-01,0.17
CAAN2,2007-02,1.91
CAAN2,2007-03,0.21
CAAN2,2007-04,0.4
CAAN2,2007-05,0
CAAN2,2007-06,0
CAAN2,2007-07,0
CAAN2,2007-08,0
CAAN2,2007-09,0.27
CAAN2,2007-10,0.19
CAAN2,2007-11,0.12
CAAN2,2007-12,1.19
CAAN2,2008-01,6.74
CAAN2,2008-02,1.7
CAAN2,2008-03,0.03
CAAN2,2008-04,0.05
CAAN2,2008-05,0.4
CAAN2,2008-06,0
CAAN2,2008-07,0
CAAN2,2008-08,0
CAAN2,2008-09,0
CAAN2,2008-10,0.13
CAAN2,2008-11,2.69
CAAN2,2008-12,2
CAAN2,2009-01,0.9
CAAN2,2009-02,3.62
CAAN2,2009-03,0.75
CAAN2,2009-04,0.14
CAAN2,2009-05,0.24
CAAN2,2009-06,0.04
CAAN2,2009-07,0
CAAN2,2009-08,0.08
CAAN2,2009-09,0
CAAN2,2009-10,1.22
CAAN2,2009-11,0.09
CAAN2,2009-12,1.57
CAAN2,2010-01,4.19
CAAN2,2010-02,2.25
CAAN2,2010-03,0.44
CAAN2,2010-04,1.72
CAAN2,2010-05,0.07
CAAN2,2010-06,0
CAAN2,2010-07,0.01
CAAN2,2010-08,0
CAAN2,2010-09,0
CAAN2,2010-10,2.22
CAAN2,2010-11,0.68
CAAN2,2010-12,6.65
CAAN2,2011-01,1.01
CAAN2,2011-02,1.72
CAAN2,2011-03,4.53
CAAN2,2011-04,0.23
CAAN2,2011-05,0.9
CAAN2,2011-06,0.17
CAAN2,2011-07,0.23
CAAN2,2011-08,0
CAAN2,2011-09,0.46
CAAN2,2011-10,0.23
CAAN2,2011-11,1.78
CAAN2,2011-12,0.03
CAAN2,2012-01,0.69
CAAN2,2012-02,0.51
CAAN2,2012-03,2.96
CAAN2,2012-04,1.84
CAAN2,2012-05,0
CAAN2,2012-06,0
CAAN2,2012-07,0.02
CAAN2,2012-08,0.04
CAAN2,2012-09,0.1
CAAN2,2012-10,0.65
CAAN2,2012-11,0.22
CAAN2,2012-12,1.31
CAAN2,2013-01,1.55
CAAN2,2013-02,0.48
CAAN2,2013-03,0.79
CAAN2,2013-04,0.14
CAAN2,2013-05,0.12
CAAN2,2013-06,0
CAAN2,2013-07,0.33
CAAN2,2013-08,0
CAAN2,2013-09,0
CAAN2,2013-10,0.05
CAAN2,2013-11,0.37
CAAN2,2013-12,0.21
CAAN2,2014-01,0.02
CAAN2,2014-02,1.68
CAAN2,2014-03,1.4
CAAN2,2014-04,0.49
CAAN2,2014-05,0.06
CAAN2,2014-06,0
CAAN2,2014-07,0
CAAN2,2014-08,0.08
CAAN2,2014-09,0
CAAN2,2014-10,0
CAAN2,2014-11,0.55
CAAN2,2014-12,1.28
CAAN2,2015-01,1.27
CAAN2,2015-02,0.28
CAAN2,2015-03,0.32
CAAN2,2015-04,0.19
CAAN2,2015-05,0.22
CAAN2,2015-06,0.48
CAAN2,2015-07,1.9
CAAN2,2015-08,0
CAAN2,2015-09,0.18
CAAN2,2015-10,0.37
CAAN2,2015-11,0.41
CAAN2,2015-12,0.64
CAAN2,2016-01,2.37
CAAN2,2016-02,0.87
CAAN2,2016-03,2.11
CAAN2,2016-04,0.59
CAAN2,2016-05,0.3
CAAN2,2016-06,0
CAAN2,2016-07,0
CAAN2,2016-08,0
CAAN2,2016-09,0
CAAN2,2016-10,0.57
CAAN2,2016-11,1.03
CAAN2,2016-12,2.26
CAAN2,2017-01,4.66
CAAN2,2017-02,3.64
CAAN2,2017-03,0.53
CAAN2,2017-04,0.21
CAAN2,2017-05,0.41
CAAN2,2017-06,0
CAAN2,2017-07,0
CAAN2,2017-08,0.04
CAAN2,2017-09,0.5
CAAN2,2017-10,0
CAAN2,2017-11,0.01
CAAN2,2017-12,0.02
CAAN2,2018-01,1.19
CAAN2,2018-02,0.16
CAAN2,2018-03,3.87
CAAN2,2018-04,0.13
CAAN2,2018-05,0.15
CAAN2,2018-06,0
CAAN2,2018-07,0
CAAN2,2018-08,0
CAAN2,2018-09,0
CAAN2,2018-10,0.08
CAAN2,2018-11,0.71
CAAN2,2018-12,0.69
CAAN2,2019-01,2.12
CAAN2,2019-02,5.85
CAAN2,2019-03,2.41
CAAN2,2019-04,0.16
CAAN2,2019-05,1.96
CAAN2,2019-06,0.3
CAAN2,2019-07,0
CAAN2,2019-08,0
CAAN2,2019-09,0
CAAN2,2019-10,0
CAAN2,2019-11,1.37
CAAN2,2019-12,3.14
,,
CACO1,2005-01,10.98
CACO1,2005-02,12.34
CACO1,2005-03,1.2
CACO1,2005-04,0.93
CACO1,2005-05,1.1
CACO1,2005-06,0
CACO1,2005-07,0
CACO1,2005-08,0.11
CACO1,2005-09,0.09
CACO1,2005-10,2.97
CACO1,2005-11,0.25
CACO1,2005-12,0.37
CACO1,2006-01,2.26
CACO1,2006-02,1.52
CACO1,2006-03,3.18
CACO1,2006-04,2.12
CACO1,2006-05,0.2
CACO1,2006-06,0
CACO1,2006-07,0.14
CACO1,2006-08,0
CACO1,2006-09,0
CACO1,2006-10,0.17
CACO1,2006-11,0.25
CACO1,2006-12,1.2
CACO1,2007-01,0.58
CACO1,2007-02,1.57
CACO1,2007-03,0.53
CACO1,2007-04,0.7
CACO1,2007-05,0
CACO1,2007-06,0
CACO1,2007-07,0
CACO1,2007-08,0
CACO1,2007-09,0.62
CACO1,2007-10,0.3
CACO1,2007-11,0.24
CACO1,2007-12,1.39
CACO1,2008-01,8.79
CACO1,2008-02,1.1
CACO1,2008-03,0.07
CACO1,2008-04,0.06
CACO1,2008-05,0.24
CACO1,2008-06,0
CACO1,2008-07,0
CACO1,2008-08,0
CACO1,2008-09,0
CACO1,2008-10,0.04
CACO1,2008-11,2.79
CACO1,2008-12,2.32
CACO1,2009-01,0.83
CACO1,2009-02,4.29
CACO1,2009-03,0.64
CACO1,2009-04,0.29
CACO1,2009-05,0.07
CACO1,2009-06,0.19
CACO1,2009-07,0
CACO1,2009-08,0
CACO1,2009-09,0
CACO1,2009-10,0.28
CACO1,2009-11,0.21
CACO1,2009-12,1.96
CACO1,2010-01,4.61
CACO1,2010-02,2.76
CACO1,2010-03,0.75
CACO1,2010-04,2.12
CACO1,2010-05,0.13
CACO1,2010-06,0
CACO1,2010-07,0
CACO1,2010-08,0
CACO1,2010-09,0
CACO1,2010-10,2.36
CACO1,2010-11,0.75
CACO1,2010-12,6.95
CACO1,2011-01,0.76
CACO1,2011-02,2.89
CACO1,2011-03,4.42
CACO1,2011-04,0.37
CACO1,2011-05,0.58
CACO1,2011-06,0.04
CACO1,2011-07,0
CACO1,2011-08,0
CACO1,2011-09,0.26
CACO1,2011-10,0.48
CACO1,2011-11,1.32
CACO1,2011-12,0.31
CACO1,2012-01,0.82
CACO1,2012-02,0.51
CACO1,2012-03,2.45
CACO1,2012-04,1.78
CACO1,2012-05,0
CACO1,2012-06,0
CACO1,2012-07,0.02
CACO1,2012-08,0.09
CACO1,2012-09,0.01
CACO1,2012-10,0.17
CACO1,2012-11,0.42
CACO1,2012-12,1.54
CACO1,2013-01,1.07
CACO1,2013-02,0.51
CACO1,2013-03,1.33
CACO1,2013-04,0.14
CACO1,2013-05,0.37
CACO1,2013-06,0
CACO1,2013-07,0.08
CACO1,2013-08,0
CACO1,2013-09,0.01
CACO1,2013-10,0.12
CACO1,2013-11,0.84
CACO1,2013-12,0.26
CACO1,2014-01,0.18
CACO1,2014-02,1.98
CACO1,2014-03,2.59
CACO1,2014-04,0.47
CACO1,2014-05,0.07
CACO1,2014-06,0
CACO1,2014-07,0
CACO1,2014-08,0.09
CACO1,2014-09,0
CACO1,2014-10,0
CACO1,2014-11,0.51
CACO1,2014-12,4.54
CACO1,2015-01,1.34
CACO1,2015-02,0.29
CACO1,2015-03,0.48
CACO1,2015-04,0.15
CACO1,2015-05,0.47
CACO1,2015-06,0.23
CACO1,2015-07,1.46
CACO1,2015-08,0
CACO1,2015-09,0.9
CACO1,2015-10,0.53
CACO1,2015-11,0.23
CACO1,2015-12,0.47
CACO1,2016-01,2.38
CACO1,2016-02,1.01
CACO1,2016-03,1.67
CACO1,2016-04,0.34
CACO1,2016-05,0.3
CACO1,2016-06,0
CACO1,2016-07,0
CACO1,2016-08,0
CACO1,2016-09,0
CACO1,2016-10,0.51
CACO1,2016-11,0.83
CACO1,2016-12,2.72
CACO1,2017-01,5.03
CACO1,2017-02,2.62
CACO1,2017-03,0.29
CACO1,2017-04,0.06
CACO1,2017-05,0.1
CACO1,2017-06,0
CACO1,2017-07,0
CACO1,2017-08,0.12
CACO1,2017-09,0.35
CACO1,2017-10,0
CACO1,2017-11,0
CACO1,2017-12,0
CACO1,2018-01,2.24
CACO1,2018-02,0.23
CACO1,2018-03,3.46
CACO1,2018-04,0
CACO1,2018-05,0.14
CACO1,2018-06,0
CACO1,2018-07,0
CACO1,2018-08,0
CACO1,2018-09,0
CACO1,2018-10,0.04
CACO1,2018-11,0.41
CACO1,2018-12,1.6
CACO1,2019-01,4.51
CACO1,2019-02,4.97
CACO1,2019-03,2.22
CACO1,2019-04,0.04
CACO1,2019-05,1.53
CACO1,2019-06,0.02
CACO1,2019-07,0
CACO1,2019-08,0
CACO1,2019-09,0
CACO1,2019-10,0
CACO1,2019-11,2.16
CACO1,2019-12,3.91
,,
STPO,2005-01,9.91
STPO,2005-02,4.86
STPO,2005-03,10
STPO,2005-04,4.46
STPO,2005-05,9.21
STPO,2005-06,2.91
STPO,2005-07,0
STPO,2005-08,0
STPO,2005-09,0.22
STPO,2005-10,2.29
STPO,2005-11,7.13
STPO,2005-12,29.57
STPO,2006-01,13.13
STPO,2006-02,9.1
STPO,2006-03,18.27
STPO,2006-04,15.42
STPO,2006-05,1.77
STPO,2006-06,0.53
STPO,2006-07,0
STPO,2006-08,0
STPO,2006-09,0
STPO,2006-10,0.25
STPO,2006-11,5.9
STPO,2006-12,11.46
STPO,2007-01,0.7
STPO,2007-02,16.14
STPO,2007-03,1.36
STPO,2007-04,4.37
STPO,2007-05,1.11
STPO,2007-06,0.43
STPO,2007-07,0.59
STPO,2007-08,0
STPO,2007-09,1.25
STPO,2007-10,4.25
STPO,2007-11,1.39
STPO,2007-12,9.28
STPO,2008-01,14.47
STPO,2008-02,9.17
STPO,2008-03,1.46
STPO,2008-04,0.93
STPO,2008-05,0.39
STPO,2008-06,0.04
STPO,2008-07,0
STPO,2008-08,0
STPO,2008-09,0
STPO,2008-10,3.74
STPO,2008-11,5.88
STPO,2008-12,7.66
STPO,2009-01,4.41
STPO,2009-02,19.29
STPO,2009-03,8.41
STPO,2009-04,1.04
STPO,2009-05,5.8
STPO,2009-06,0.75
STPO,2009-07,0
STPO,2009-08,0
STPO,2009-09,0.58
STPO,2009-10,5.21
STPO,2009-11,2.61
STPO,2009-12,8.32
STPO,2010-01,18.97
STPO,2010-02,8.34
STPO,2010-03,5.83
STPO,2010-04,11.22
STPO,2010-05,3.26
STPO,2010-06,0.24
STPO,2010-07,0
STPO,2010-08,0.07
STPO,2010-09,0.16
STPO,2010-10,8.29
STPO,2010-11,8.14
STPO,2010-12,19.53
STPO,2011-01,2.87
STPO,2011-02,11.53
STPO,2011-03,20.42
STPO,2011-04,2.56
STPO,2011-05,6.49
STPO,2011-06,3.54
STPO,2011-07,0
STPO,2011-08,0
STPO,2011-09,0.12
STPO,2011-10,4.91
STPO,2011-11,2.71
STPO,2011-12,0.41
STPO,2012-01,9.86
STPO,2012-02,3.54
STPO,2012-03,18.07
STPO,2012-04,8.08
STPO,2012-05,0.25
STPO,2012-06,0.79
STPO,2012-07,0
STPO,2012-08,0
STPO,2012-09,0
STPO,2012-10,2.73
STPO,2012-11,13.01
STPO,2012-12,23.64
STPO,2013-01,1.7
STPO,2013-02,1.21
STPO,2013-03,4.37
STPO,2013-04,1.72
STPO,2013-05,0.74
STPO,2013-06,2.2
STPO,2013-07,0
STPO,2013-08,0.01
STPO,2013-09,2.13
STPO,2013-10,0.74
STPO,2013-11,3.02
STPO,2013-12,0.6
STPO,2014-01,1.09
STPO,2014-02,14.07
STPO,2014-03,15.29
STPO,2014-04,2.31
STPO,2014-05,0.48
STPO,2014-06,0
STPO,2014-07,0.03
STPO,2014-08,0.92
STPO,2014-09,1.37
STPO,2014-10,2.57
STPO,2014-11,6.38
STPO,2014-12,21.73
STPO,2015-01,0.3
STPO,2015-02,6.26
STPO,2015-03,0.92
STPO,2015-04,3.04
STPO,2015-05,0.43
STPO,2015-06,0.3
STPO,2015-07,0.04
STPO,2015-08,0.06
STPO,2015-09,0.53
STPO,2015-10,0.74
STPO,2015-11,4.55
STPO,2015-12,12.99
STPO,2016-01,22.81
STPO,2016-02,3.27
STPO,2016-03,20.74
STPO,2016-04,2.96
STPO,2016-05,1.66
STPO,2016-06,0.85
STPO,2016-07,0
STPO,2016-08,0
STPO,2016-09,0
STPO,2016-10,12.78
STPO,2016-11,6.89
STPO,2016-12,17.87
STPO,2017-01,24.08
STPO,2017-02,24.4
STPO,2017-03,7.67
STPO,2017-04,9.93
STPO,2017-05,0.31
STPO,2017-06,1.01
STPO,2017-07,0
STPO,2017-08,0.02
STPO,2017-09,0.11
STPO,2017-10,1.14
STPO,2017-11,13.34
STPO,2017-12,0.72
STPO,2018-01,10.09
STPO,2018-02,0.9
STPO,2018-03,15.34
STPO,2018-04,8.27
STPO,2018-05,0.71
STPO,2018-06,0
STPO,2018-07,0
STPO,2018-08,0
STPO,2018-09,0
STPO,2018-10,0.71
STPO,2018-11,7.15
STPO,2018-12,5.71
STPO,2019-01,16.19
STPO,2019-02,26.62
STPO,2019-03,12.22
STPO,2019-04,4.57
STPO,2019-05,8.39
STPO,2019-06,0.22
STPO,2019-07,0
STPO,2019-08,0
STPO,2019-09,1.93
STPO,2019-10,0.28
STPO,2019-11,1.26
STPO,2019-12,12.95
,,
STDI,2005-01,9.36
STDI,2005-02,5.04
STDI,2005-03,6.53
STDI,2005-04,1.67
STDI,2005-05,4.41
STDI,2005-06,0.1
STDI,2005-07,0
STDI,2005-08,0.03
STDI,2005-09,0.21
STDI,2005-10,0.37
STDI,2005-11,0.38
STDI,2005-12,6.57
STDI,2006-01,8.79
STDI,2006-02,2.51
STDI,2006-03,9.35
STDI,2006-04,10.16
STDI,2006-05,1.08
STDI,2006-06,0
STDI,2006-07,0
STDI,2006-08,0
STDI,2006-09,0
STDI,2006-10,0.25
STDI,2006-11,0.49
STDI,2006-12,4.07
STDI,2007-01,0.94
STDI,2007-02,6.15
STDI,2007-03,1.58
STDI,2007-04,1.13
STDI,2007-05,0.1
STDI,2007-06,0
STDI,2007-07,0
STDI,2007-08,0.08
STDI,2007-09,0.01
STDI,2007-10,0.76
STDI,2007-11,0.13
STDI,2007-12,4.94
STDI,2008-01,9.88
STDI,2008-02,6.37
STDI,2008-03,0.52
STDI,2008-04,0
STDI,2008-05,1.43
STDI,2008-06,0
STDI,2008-07,0
STDI,2008-08,0
STDI,2008-09,0
STDI,2008-10,0.92
STDI,2008-11,3.26
STDI,2008-12,3.92
STDI,2009-01,3.54
STDI,2009-02,6.96
STDI,2009-03,2.31
STDI,2009-04,1.21
STDI,2009-05,1.38
STDI,2009-06,1.08
STDI,2009-07,0
STDI,2009-08,0.11
STDI,2009-09,0
STDI,2009-10,6.85
STDI,2009-11,0.26
STDI,2009-12,6.83
STDI,2010-01,7.19
STDI,2010-02,7.5
STDI,2010-03,2.67
STDI,2010-04,6.15
STDI,2010-05,0.77
STDI,2010-06,0
STDI,2010-07,0
STDI,2010-08,0
STDI,2010-09,0
STDI,2010-10,4.44
STDI,2010-11,4.08
STDI,2010-12,15.64
STDI,2011-01,3.19
STDI,2011-02,5.87
STDI,2011-03,11.24
STDI,2011-04,1.03
STDI,2011-05,2.39
STDI,2011-06,2.28
STDI,2011-07,0
STDI,2011-08,0.02
STDI,2011-09,0
STDI,2011-10,2.13
STDI,2011-11,1.3
STDI,2011-12,0
STDI,2012-01,5.53
STDI,2012-02,1.42
STDI,2012-03,5.51
STDI,2012-04,4.56
STDI,2012-05,0.03
STDI,2012-06,0.03
STDI,2012-07,0
STDI,2012-08,0.01
STDI,2012-09,0
STDI,2012-10,0.89
STDI,2012-11,2.16
STDI,2012-12,9.15
STDI,2013-01,1.13
STDI,2013-02,1.35
STDI,2013-03,1.32
STDI,2013-04,0.92
STDI,2013-05,0.55
STDI,2013-06,0
STDI,2013-07,0.02
STDI,2013-08,0.05
STDI,2013-09,0.14
STDI,2013-10,0.68
STDI,2013-11,0.99
STDI,2013-12,0.82
STDI,2014-01,0.96
STDI,2014-02,2.76
STDI,2014-03,2.97
STDI,2014-04,2.75
STDI,2014-05,0.56
STDI,2014-06,0
STDI,2014-07,0.04
STDI,2014-08,0
STDI,2014-09,0.66
STDI,2014-10,0
STDI,2014-11,2.54
STDI,2014-12,4.59
STDI,2015-01,0.25
STDI,2015-02,3.34
STDI,2015-03,0.31
STDI,2015-04,1.82
STDI,2015-05,0.81
STDI,2015-06,0.11
STDI,2015-07,0.23
STDI,2015-08,0
STDI,2015-09,0.31
STDI,2015-10,0.75
STDI,2015-11,4.04
STDI,2015-12,5.41
STDI,2016-01,7.66
STDI,2016-02,2.3
STDI,2016-03,6.14
STDI,2016-04,2.8
STDI,2016-05,0.82
STDI,2016-06,0.17
STDI,2016-07,0
STDI,2016-08,0
STDI,2016-09,0
STDI,2016-10,2.82
STDI,2016-11,2.23
STDI,2016-12,6.54
STDI,2017-01,20.67
STDI,2017-02,11.81
STDI,2017-03,3.29
STDI,2017-04,4.67
STDI,2017-05,0.08
STDI,2017-06,0.06
STDI,2017-07,0
STDI,2017-08,0
STDI,2017-09,0.77
STDI,2017-10,0.19
STDI,2017-11,1.48
STDI,2017-12,0.07
STDI,2018-01,3.2
STDI,2018-02,0.7
STDI,2018-03,12.36
STDI,2018-04,2.71
STDI,2018-05,0.04
STDI,2018-06,0
STDI,2018-07,0
STDI,2018-08,0
STDI,2018-09,0
STDI,2018-10,0.25
STDI,2018-11,4.72
STDI,2018-12,1.59
STDI,2019-01,6.25
STDI,2019-02,11.77
STDI,2019-03,5.59
STDI,2019-04,0.76
STDI,2019-05,4.54
STDI,2019-06,0.07
STDI,2019-07,0
STDI,2019-08,0
STDI,2019-09,0
STDI,2019-10,0
STDI,2019-11,2.56
STDI,2019-12,5.78
,,
STTO_BH,2005-01,9.8
STTO_BH,2005-02,3.77
STTO_BH,2005-03,6.52
STTO_BH,2005-04,1.1
STTO_BH,2005-05,2.92
STTO_BH,2005-06,0
STTO_BH,2005-07,0
STTO_BH,2005-08,0.05
STTO_BH,2005-09,0.15
STTO_BH,2005-10,0.39
STTO_BH,2005-11,0.37
STTO_BH,2005-12,6.62
STTO_BH,2006-01,6.68
STTO_BH,2006-02,1.47
STTO_BH,2006-03,6.22
STTO_BH,2006-04,6.82
STTO_BH,2006-05,0.57
STTO_BH,2006-06,0.01
STTO_BH,2006-07,0
STTO_BH,2006-08,0
STTO_BH,2006-09,0.62
STTO_BH,2006-10,0.64
STTO_BH,2006-11,1.2
STTO_BH,2006-12,3.35
STTO_BH,2007-01,1.09
STTO_BH,2007-02,5.57
STTO_BH,2007-03,1.34
STTO_BH,2007-04,0.97
STTO_BH,2007-05,0.37
STTO_BH,2007-06,0
STTO_BH,2007-07,0
STTO_BH,2007-08,0.04
STTO_BH,2007-09,0.17
STTO_BH,2007-10,0.87
STTO_BH,2007-11,0.1
STTO_BH,2007-12,4.53
STTO_BH,2008-01,7.86
STTO_BH,2008-02,4.78
STTO_BH,2008-03,0.11
STTO_BH,2008-04,0.02
STTO_BH,2008-05,0.62
STTO_BH,2008-06,0
STTO_BH,2008-07,0
STTO_BH,2008-08,0
STTO_BH,2008-09,0
STTO_BH,2008-10,0.74
STTO_BH,2008-11,2.63
STTO_BH,2008-12,3.44
STTO_BH,2009-01,3.59
STTO_BH,2009-02,5.52
STTO_BH,2009-03,2.13
STTO_BH,2009-04,0.48
STTO_BH,2009-05,1.17
STTO_BH,2009-06,0.54
STTO_BH,2009-07,0
STTO_BH,2009-08,0.01
STTO_BH,2009-09,0.04
STTO_BH,2009-10,3.82
STTO_BH,2009-11,0.26
STTO_BH,2009-12,4.91
STTO_BH,2010-01,4.93
STTO_BH,2010-02,5.47
STTO_BH,2010-03,2.26
STTO_BH,2010-04,5.35
STTO_BH,2010-05,0.88
STTO_BH,2010-06,0
STTO_BH,2010-07,0
STTO_BH,2010-08,0
STTO_BH,2010-09,0
STTO_BH,2010-10,3.84
STTO_BH,2010-11,3.83
STTO_BH,2010-12,10.51
STTO_BH,2011-01,2.62
STTO_BH,2011-02,4.83
STTO_BH,2011-03,9.39
STTO_BH,2011-04,0.43
STTO_BH,2011-05,1.84
STTO_BH,2011-06,2.03
STTO_BH,2011-07,0
STTO_BH,2011-08,0.03
STTO_BH,2011-09,0.12
STTO_BH,2011-10,1.66
STTO_BH,2011-11,1.27
STTO_BH,2011-12,0
STTO_BH,2012-01,2.85
STTO_BH,2012-02,1.12
STTO_BH,2012-03,2.77
STTO_BH,2012-04,3.74
STTO_BH,2012-05,0
STTO_BH,2012-06,0.27
STTO_BH,2012-07,0.01
STTO_BH,2012-08,0
STTO_BH,2012-09,0
STTO_BH,2012-10,0.61
STTO_BH,2012-11,2.91
STTO_BH,2012-12,9.4
STTO_BH,2013-01,0.95
STTO_BH,2013-02,0.63
STTO_BH,2013-03,1
STTO_BH,2013-04,0.61
STTO_BH,2013-05,0.66
STTO_BH,2013-06,0.11
STTO_BH,2013-07,0.01
STTO_BH,2013-08,0.03
STTO_BH,2013-09,0.25
STTO_BH,2013-10,0.47
STTO_BH,2013-11,0.87
STTO_BH,2013-12,0.67
STTO_BH,2014-01,1.26
STTO_BH,2014-02,2.39
STTO_BH,2014-03,2.26
STTO_BH,2014-04,1.6
STTO_BH,2014-05,0.22
STTO_BH,2014-06,0.02
STTO_BH,2014-07,0
STTO_BH,2014-08,0
STTO_BH,2014-09,0.83
STTO_BH,2014-10,0.03
STTO_BH,2014-11,1.99
STTO_BH,2014-12,4.05
STTO_BH,2015-01,0.26
STTO_BH,2015-02,2.16
STTO_BH,2015-03,0.16
STTO_BH,2015-04,1.86
STTO_BH,2015-05,0.5
STTO_BH,2015-06,0.01
STTO_BH,2015-07,0.22
STTO_BH,2015-08,0
STTO_BH,2015-09,0.18
STTO_BH,2015-10,0.32
STTO_BH,2015-11,4.14
STTO_BH,2015-12,6.99
STTO_BH,2016-01,7.28
STTO_BH,2016-02,1.06
STTO_BH,2016-03,6.29
STTO_BH,2016-04,2.64
STTO_BH,2016-05,0.59
STTO_BH,2016-06,0.06
STTO_BH,2016-07,0
STTO_BH,2016-08,0
STTO_BH,2016-09,0.07
STTO_BH,2016-10,2.96
STTO_BH,2016-11,2.23
STTO_BH,2016-12,5.78
STTO_BH,2017-01,16.44
STTO_BH,2017-02,11.54
STTO_BH,2017-03,3.52
STTO_BH,2017-04,2.49
STTO_BH,2017-05,0.09
STTO_BH,2017-06,0.4
STTO_BH,2017-07,0
STTO_BH,2017-08,0.04
STTO_BH,2017-09,0.46
STTO_BH,2017-10,0.21
STTO_BH,2017-11,2.29
STTO_BH,2017-12,0.19
STTO_BH,2018-01,3.16
STTO_BH,2018-02,0.62
STTO_BH,2018-03,12.21
STTO_BH,2018-04,2.28
STTO_BH,2018-05,0.24
STTO_BH,2018-06,0
STTO_BH,2018-07,0
STTO_BH,2018-08,0
STTO_BH,2018-09,0
STTO_BH,2018-10,0.41
STTO_BH,2018-11,5.3
STTO_BH,2018-12,2.01
STTO_BH,2019-01,5.9
STTO_BH,2019-02,10.2
STTO_BH,2019-03,5.21
STTO_BH,2019-04,0.38
STTO_BH,2019-05,4.4
STTO_BH,2019-06,0.14
STTO_BH,2019-07,0
STTO_BH,2019-08,0
STTO_BH,2019-09,0.04
STTO_BH,2019-10,0
STTO_BH,2019-11,1.3
STTO_BH,2019-12,5.95
,,
STGL1,2005-01,9.73
STGL1,2005-02,4.52
STGL1,2005-03,10.54
STGL1,2005-04,2.49
STGL1,2005-05,4.79
STGL1,2005-06,2.03
STGL1,2005-07,0
STGL1,2005-08,0
STGL1,2005-09,0.05
STGL1,2005-10,1.09
STGL1,2005-11,5.07
STGL1,2005-12,19.65
STGL1,2006-01,11.34
STGL1,2006-02,6.03
STGL1,2006-03,15.31
STGL1,2006-04,9.04
STGL1,2006-05,0.86
STGL1,2006-06,0
STGL1,2006-07,0
STGL1,2006-08,0
STGL1,2006-09,0.05
STGL1,2006-10,0.31
STGL1,2006-11,4.22
STGL1,2006-12,7.63
STGL1,2007-01,1.1
STGL1,2007-02,11.65
STGL1,2007-03,1.26
STGL1,2007-04,2.2
STGL1,2007-05,0.51
STGL1,2007-06,0
STGL1,2007-07,0.34
STGL1,2007-08,0
STGL1,2007-09,0.08
STGL1,2007-10,2.65
STGL1,2007-11,0.69
STGL1,2007-12,6.13
STGL1,2008-01,18.7
STGL1,2008-02,6.33
STGL1,2008-03,1.24
STGL1,2008-04,0.32
STGL1,2008-05,0.04
STGL1,2008-06,0
STGL1,2008-07,0
STGL1,2008-08,0
STGL1,2008-09,0.13
STGL1,2008-10,1.56
STGL1,2008-11,3.81
STGL1,2008-12,3.75
STGL1,2009-01,1.14
STGL1,2009-02,10.72
STGL1,2009-03,5.27
STGL1,2009-04,0.48
STGL1,2009-05,2.03
STGL1,2009-06,0.25
STGL1,2009-07,0
STGL1,2009-08,0
STGL1,2009-09,0.02
STGL1,2009-10,3.39
STGL1,2009-11,2
STGL1,2009-12,3.85
STGL1,2010-01,20.13
STGL1,2010-02,5.92
STGL1,2010-03,7.47
STGL1,2010-04,7.43
STGL1,2010-05,2.23
STGL1,2010-06,0.49
STGL1,2010-07,0
STGL1,2010-08,0
STGL1,2010-09,0.12
STGL1,2010-10,6.95
STGL1,2010-11,4.24
STGL1,2010-12,10.28
STGL1,2011-01,2.26
STGL1,2011-02,6.46
STGL1,2011-03,18.67
STGL1,2011-04,0.88
STGL1,2011-05,1.9
STGL1,2011-06,2.22
STGL1,2011-07,0
STGL1,2011-08,0
STGL1,2011-09,0
STGL1,2011-10,3.61
STGL1,2011-11,3.5
STGL1,2011-12,0.33
STGL1,2012-01,8.2
STGL1,2012-02,2.85
STGL1,2012-03,14.2
STGL1,2012-04,2.59
STGL1,2012-05,0.32
STGL1,2012-06,0.14
STGL1,2012-07,0
STGL1,2012-08,0
STGL1,2012-09,0
STGL1,2012-10,1.44
STGL1,2012-11,10.92
STGL1,2012-12,14.06
STGL1,2013-01,1.65
STGL1,2013-02,0.91
STGL1,2013-03,3.27
STGL1,2013-04,1.2
STGL1,2013-05,0.34
STGL1,2013-06,1.07
STGL1,2013-07,0.05
STGL1,2013-08,0.04
STGL1,2013-09,0.88
STGL1,2013-10,0.07
STGL1,2013-11,1.14
STGL1,2013-12,0.48
STGL1,2014-01,0.48
STGL1,2014-02,11.11
STGL1,2014-03,11.22
STGL1,2014-04,2.4
STGL1,2014-05,0.13
STGL1,2014-06,0
STGL1,2014-07,0
STGL1,2014-08,0.05
STGL1,2014-09,0.95
STGL1,2014-10,1.33
STGL1,2014-11,4.63
STGL1,2014-12,15.69
STGL1,2015-01,0.54
STGL1,2015-02,7.25
STGL1,2015-03,0.63
STGL1,2015-04,2.06
STGL1,2015-05,0.73
STGL1,2015-06,0.11
STGL1,2015-07,0.31
STGL1,2015-08,0.04
STGL1,2015-09,0.76
STGL1,2015-10,0.19
STGL1,2015-11,2.34
STGL1,2015-12,10.78
STGL1,2016-01,16.88
STGL1,2016-02,1.62
STGL1,2016-03,16.54
STGL1,2016-04,1.36
STGL1,2016-05,0.87
STGL1,2016-06,0.48
STGL1,2016-07,0
STGL1,2016-08,0
STGL1,2016-09,0
STGL1,2016-10,7.47
STGL1,2016-11,5.7
STGL1,2016-12,7.61
STGL1,2017-01,23.36
STGL1,2017-02,16.3
STGL1,2017-03,6.05
STGL1,2017-04,4.82
STGL1,2017-05,0.07
STGL1,2017-06,0.31
STGL1,2017-07,0
STGL1,2017-08,0
STGL1,2017-09,0.11
STGL1,2017-10,0.49
STGL1,2017-11,6.29
STGL1,2017-12,0.19
STGL1,2018-01,9.23
STGL1,2018-02,0.42
STGL1,2018-03,10.32
STGL1,2018-04,4.46
STGL1,2018-05,0.35
STGL1,2018-06,0.01
STGL1,2018-07,0
STGL1,2018-08,0
STGL1,2018-09,0.05
STGL1,2018-10,1.2
STGL1,2018-11,5.94
STGL1,2018-12,4.46
STGL1,2019-01,12.99
STGL1,2019-02,20.33
STGL1,2019-03,10.17
STGL1,2019-04,1.01
STGL1,2019-05,3.91
STGL1,2019-06,0.12
STGL1,2019-07,0
STGL1,2019-08,0.03
STGL1,2019-09,0.37
STGL1,2019-10,0.07
STGL1,2019-11,1.41
STGL1,2019-12,9.55
,,
STDR2,2005-01,8.38
STDR2,2005-02,3.4
STDR2,2005-03,6.71
STDR2,2005-04,3.55
STDR2,2005-05,5.84
STDR2,2005-06,2.48
STDR2,2005-07,0
STDR2,2005-08,0
STDR2,2005-09,0.01
STDR2,2005-10,2.11
STDR2,2005-11,5.68
STDR2,2005-12,21.52
STDR2,2006-01,7.66
STDR2,2006-02,6.55
STDR2,2006-03,15.09
STDR2,2006-04,10.68
STDR2,2006-05,0.9
STDR2,2006-06,0.28
STDR2,2006-07,0
STDR2,2006-08,0
STDR2,2006-09,0
STDR2,2006-10,0.1
STDR2,2006-11,4.82
STDR2,2006-12,8.35
STDR2,2007-01,0.08
STDR2,2007-02,12.73
STDR2,2007-03,1.17
STDR2,2007-04,3.82
STDR2,2007-05,0.97
STDR2,2007-06,0.28
STDR2,2007-07,0.6
STDR2,2007-08,0
STDR2,2007-09,0.87
STDR2,2007-10,2.21
STDR2,2007-11,1.04
STDR2,2007-12,8.16
STDR2,2008-01,10.29
STDR2,2008-02,6.79
STDR2,2008-03,0.78
STDR2,2008-04,0.77
STDR2,2008-05,0.13
STDR2,2008-06,0
STDR2,2008-07,0
STDR2,2008-08,0
STDR2,2008-09,0
STDR2,2008-10,2.91
STDR2,2008-11,3.87
STDR2,2008-12,4.91
STDR2,2009-01,3.22
STDR2,2009-02,14.91
STDR2,2009-03,4.27
STDR2,2009-04,0.66
STDR2,2009-05,4.19
STDR2,2009-06,0.53
STDR2,2009-07,0
STDR2,2009-08,0.02
STDR2,2009-09,0.63
STDR2,2009-10,2.12
STDR2,2009-11,1.66
STDR2,2009-12,6.16
STDR2,2010-01,15.04
STDR2,2010-02,6.9
STDR2,2010-03,3.61
STDR2,2010-04,9.63
STDR2,2010-05,1.96
STDR2,2010-06,0.1
STDR2,2010-07,0
STDR2,2010-08,0.07
STDR2,2010-09,0.1
STDR2,2010-10,5.43
STDR2,2010-11,4.99
STDR2,2010-12,14.03
STDR2,2011-01,2.52
STDR2,2011-02,7.06
STDR2,2011-03,15.86
STDR2,2011-04,0.91
STDR2,2011-05,5.08
STDR2,2011-06,2.79
STDR2,2011-07,0
STDR2,2011-08,0
STDR2,2011-09,0.03
STDR2,2011-10,4.15
STDR2,2011-11,2
STDR2,2011-12,0.22
STDR2,2012-01,8.33
STDR2,2012-02,2.61
STDR2,2012-03,12.32
STDR2,2012-04,5.23
STDR2,2012-05,0.04
STDR2,2012-06,0.39
STDR2,2012-07,0
STDR2,2012-08,0
STDR2,2012-09,0
STDR2,2012-10,2.08
STDR2,2012-11,9.32
STDR2,2012-12,15.51
STDR2,2013-01,1.07
STDR2,2013-02,1.12
STDR2,2013-03,2.96
STDR2,2013-04,1.05
STDR2,2013-05,0.41
STDR2,2013-06,1.72
STDR2,2013-07,0
STDR2,2013-08,0
STDR2,2013-09,1.66
STDR2,2013-10,0.23
STDR2,2013-11,2.51
STDR2,2013-12,0.5
STDR2,2014-01,0.61
STDR2,2014-02,11.67
STDR2,2014-03,10.75
STDR2,2014-04,1.86
STDR2,2014-05,0.21
STDR2,2014-06,0
STDR2,2014-07,0.04
STDR2,2014-08,0.5
STDR2,2014-09,0.94
STDR2,2014-10,1.27
STDR2,2014-11,5.17
STDR2,2014-12,17.33
STDR2,2015-01,0.1
STDR2,2015-02,4.7
STDR2,2015-03,0.38
STDR2,2015-04,2.85
STDR2,2015-05,0.18
STDR2,2015-06,0.41
STDR2,2015-07,0.03
STDR2,2015-08,0.07
STDR2,2015-09,0.39
STDR2,2015-10,0.42
STDR2,2015-11,3.94
STDR2,2015-12,8.6
STDR2,2016-01,16.85
STDR2,2016-02,1.79
STDR2,2016-03,14.6
STDR2,2016-04,2.42
STDR2,2016-05,0.82
STDR2,2016-06,0.48
STDR2,2016-07,0
STDR2,2016-08,0
STDR2,2016-09,0
STDR2,2016-10,10.09
STDR2,2016-11,5.53
STDR2,2016-12,14.23
STDR2,2017-01,15.4
STDR2,2017-02,16
STDR2,2017-03,6.08
STDR2,2017-04,6.95
STDR2,2017-05,0.19
STDR2,2017-06,0.78
STDR2,2017-07,0
STDR2,2017-08,0
STDR2,2017-09,0.14
STDR2,2017-10,1.01
STDR2,2017-11,9.16
STDR2,2017-12,0.35
STDR2,2018-01,7.61
STDR2,2018-02,0.79
STDR2,2018-03,10.69
STDR2,2018-04,6.87
STDR2,2018-05,0.62
STDR2,2018-06,0
STDR2,2018-07,0
STDR2,2018-08,0
STDR2,2018-09,0
STDR2,2018-10,0.4
STDR2,2018-11,4.92
STDR2,2018-12,4.3
STDR2,2019-01,10.64
STDR2,2019-02,20.81
STDR2,2019-03,8.83
STDR2,2019-04,3.05
STDR2,2019-05,6.34
STDR2,2019-06,0.08
STDR2,2019-07,0
STDR2,2019-08,0
STDR2,2019-09,1.57
STDR2,2019-10,0.01
STDR2,2019-11,0.6
STDR2,2019-12,9.27
,,
STBR3,2005-01,6.56
STBR3,2005-02,4.87
STBR3,2005-03,5.54
STBR3,2005-04,1.27
STBR3,2005-05,7.48
STBR3,2005-06,0.63
STBR3,2005-07,0
STBR3,2005-08,0
STBR3,2005-09,0.01
STBR3,2005-10,0.54
STBR3,2005-11,2.48
STBR3,2005-12,16.28
STBR3,2006-01,5.91
STBR3,2006-02,4.34
STBR3,2006-03,8.79
STBR3,2006-04,6.62
STBR3,2006-05,0.85
STBR3,2006-06,0
STBR3,2006-07,0
STBR3,2006-08,0
STBR3,2006-09,0
STBR3,2006-10,0.21
STBR3,2006-11,3
STBR3,2006-12,4.36
STBR3,2007-01,0.3
STBR3,2007-02,6.09
STBR3,2007-03,0.3
STBR3,2007-04,1.75
STBR3,2007-05,0.45
STBR3,2007-06,0
STBR3,2007-07,0.37
STBR3,2007-08,0
STBR3,2007-09,0.09
STBR3,2007-10,2.03
STBR3,2007-11,0.67
STBR3,2007-12,4.49
STBR3,2008-01,11.95
STBR3,2008-02,4.68
STBR3,2008-03,0.1
STBR3,2008-04,0.15
STBR3,2008-05,0.21
STBR3,2008-06,0
STBR3,2008-07,0
STBR3,2008-08,0
STBR3,2008-09,0
STBR3,2008-10,0.64
STBR3,2008-11,3.37
STBR3,2008-12,3.14
STBR3,2009-01,0.73
STBR3,2009-02,10.97
STBR3,2009-03,3.24
STBR3,2009-04,0.69
STBR3,2009-05,2.63
STBR3,2009-06,0
STBR3,2009-07,0
STBR3,2009-08,0
STBR3,2009-09,0.09
STBR3,2009-10,4.49
STBR3,2009-11,0.67
STBR3,2009-12,2.59
STBR3,2010-01,10.95
STBR3,2010-02,4.9
STBR3,2010-03,2.84
STBR3,2010-04,5.07
STBR3,2010-05,2.11
STBR3,2010-06,0
STBR3,2010-07,0
STBR3,2010-08,0
STBR3,2010-09,0
STBR3,2010-10,3.21
STBR3,2010-11,3.43
STBR3,2010-12,10.06
STBR3,2011-01,1.7
STBR3,2011-02,6.03
STBR3,2011-03,11.77
STBR3,2011-04,0.44
STBR3,2011-05,2.6
STBR3,2011-06,2.37
STBR3,2011-07,0
STBR3,2011-08,0
STBR3,2011-09,0.03
STBR3,2011-10,1.49
STBR3,2011-11,2.1
STBR3,2011-12,0.24
STBR3,2012-01,5.2
STBR3,2012-02,1.76
STBR3,2012-03,8.99
STBR3,2012-04,2.9
STBR3,2012-05,0.19
STBR3,2012-06,0.04
STBR3,2012-07,0
STBR3,2012-08,0
STBR3,2012-09,0
STBR3,2012-10,1.28
STBR3,2012-11,8.04
STBR3,2012-12,11.37
STBR3,2013-01,0.89
STBR3,2013-02,0.32
STBR3,2013-03,1.05
STBR3,2013-04,1.02
STBR3,2013-05,0.23
STBR3,2013-06,0.7
STBR3,2013-07,0
STBR3,2013-08,0
STBR3,2013-09,0.6
STBR3,2013-10,0.01
STBR3,2013-11,1.01
STBR3,2013-12,0.61
STBR3,2014-01,0.12
STBR3,2014-02,9.51
STBR3,2014-03,2.82
STBR3,2014-04,2.38
STBR3,2014-05,0.06
STBR3,2014-06,0
STBR3,2014-07,0
STBR3,2014-08,0
STBR3,2014-09,0.53
STBR3,2014-10,0.59
STBR3,2014-11,2.81
STBR3,2014-12,14.1
STBR3,2015-01,0
STBR3,2015-02,3.78
STBR3,2015-03,0.11
STBR3,2015-04,1.56
STBR3,2015-05,0.01
STBR3,2015-06,0.06
STBR3,2015-07,0.02
STBR3,2015-08,0
STBR3,2015-09,0.24
STBR3,2015-10,0.06
STBR3,2015-11,1.57
STBR3,2015-12,5.01
STBR3,2016-01,8.89
STBR3,2016-02,1.02
STBR3,2016-03,10.95
STBR3,2016-04,1.15
STBR3,2016-05,0.32
STBR3,2016-06,0
STBR3,2016-07,0
STBR3,2016-08,0
STBR3,2016-09,0
STBR3,2016-10,4.27
STBR3,2016-11,2.6
STBR3,2016-12,6.43
STBR3,2017-01,17.02
STBR3,2017-02,13
STBR3,2017-03,4.06
STBR3,2017-04,3.07
STBR3,2017-05,0.03
STBR3,2017-06,0.49
STBR3,2017-07,0
STBR3,2017-08,0
STBR3,2017-09,0
STBR3,2017-10,0.21
STBR3,2017-11,4.12
STBR3,2017-12,0.06
STBR3,2018-01,4.82
STBR3,2018-02,0.19
STBR3,2018-03,6.74
STBR3,2018-04,3.04
STBR3,2018-05,0.12
STBR3,2018-06,0
STBR3,2018-07,0
STBR3,2018-08,0
STBR3,2018-09,0
STBR3,2018-10,0.53
STBR3,2018-11,5.13
STBR3,2018-12,2.95
STBR3,2019-01,9.43
STBR3,2019-02,14.85
STBR3,2019-03,6.05
STBR3,2019-04,0.56
STBR3,2019-05,4.02
STBR3,2019-06,0
STBR3,2019-07,0
STBR3,2019-08,0
STBR3,2019-09,0.04
STBR3,2019-10,0
STBR3,2019-11,0.84
STBR3,2019-12,7.9
,,
STIN,2005-01,2.89
STIN,2005-02,3.42
STIN,2005-03,1.93
STIN,2005-04,0.98
STIN,2005-05,0.51
STIN,2005-06,0.13
STIN,2005-07,0
STIN,2005-08,0
STIN,2005-09,0.03
STIN,2005-10,0.05
STIN,2005-11,0.32
STIN,2005-12,1.75
STIN,2006-01,3.28
STIN,2006-02,1.1
STIN,2006-03,3.15
STIN,2006-04,1.93
STIN,2006-05,0.86
STIN,2006-06,0
STIN,2006-07,0.07
STIN,2006-08,0
STIN,2006-09,0
STIN,2006-10,0.21
STIN,2006-11,0.39
STIN,2006-12,1.41
STIN,2007-01,0.79
STIN,2007-02,1.48
STIN,2007-03,0.29
STIN,2007-04,0.54
STIN,2007-05,0.02
STIN,2007-06,0
STIN,2007-07,0
STIN,2007-08,0
STIN,2007-09,0.54
STIN,2007-10,0.53
STIN,2007-11,0.25
STIN,2007-12,0.88
STIN,2008-01,5.69
STIN,2008-02,1.64
STIN,2008-03,0.15
STIN,2008-04,0.13
STIN,2008-05,0.25
STIN,2008-06,0
STIN,2008-07,0
STIN,2008-08,0
STIN,2008-09,0
STIN,2008-10,0.07
STIN,2008-11,0.68
STIN,2008-12,0.98
STIN,2009-01,1.54
STIN,2009-02,2.19
STIN,2009-03,1.28
STIN,2009-04,0.12
STIN,2009-05,0.16
STIN,2009-06,0.27
STIN,2009-07,0
STIN,2009-08,0
STIN,2009-09,0.09
STIN,2009-10,1.94
STIN,2009-11,0.14
STIN,2009-12,1.69
STIN,2010-01,4.66
STIN,2010-02,2.36
STIN,2010-03,0.7
STIN,2010-04,2.16
STIN,2010-05,0.23
STIN,2010-06,0
STIN,2010-07,0
STIN,2010-08,0
STIN,2010-09,0
STIN,2010-10,0.75
STIN,2010-11,1.25
STIN,2010-12,3.47
STIN,2011-01,1.81
STIN,2011-02,2.84
STIN,2011-03,3.35
STIN,2011-04,0.18
STIN,2011-05,0.54
STIN,2011-06,0.49
STIN,2011-07,0
STIN,2011-08,0
STIN,2011-09,0
STIN,2011-10,0.61
STIN,2011-11,0.94
STIN,2011-12,0.16
STIN,2012-01,1.22
STIN,2012-02,0.4
STIN,2012-03,2.38
STIN,2012-04,1.61
STIN,2012-05,0
STIN,2012-06,0.06
STIN,2012-07,0
STIN,2012-08,0
STIN,2012-09,0
STIN,2012-10,0.23
STIN,2012-11,0.96
STIN,2012-12,3.69
STIN,2013-01,0.71
STIN,2013-02,0.21
STIN,2013-03,0.35
STIN,2013-04,0.21
STIN,2013-05,0
STIN,2013-06,0
STIN,2013-07,0
STIN,2013-08,0
STIN,2013-09,0.02
STIN,2013-10,0.04
STIN,2013-11,0.34
STIN,2013-12,0.16
STIN,2014-01,0.14
STIN,2014-02,1.95
STIN,2014-03,1.41
STIN,2014-04,0.71
STIN,2014-05,0
STIN,2014-06,0
STIN,2014-07,0.01
STIN,2014-08,0
STIN,2014-09,0.04
STIN,2014-10,0.02
STIN,2014-11,1.18
STIN,2014-12,4.05
STIN,2015-01,0.03
STIN,2015-02,0.9
STIN,2015-03,0.28
STIN,2015-04,0.53
STIN,2015-05,0.45
STIN,2015-06,0.45
STIN,2015-07,0.01
STIN,2015-08,0.01
STIN,2015-09,0
STIN,2015-10,0.3
STIN,2015-11,1.8
STIN,2015-12,1.42
STIN,2016-01,3.08
STIN,2016-02,0.89
STIN,2016-03,2.53
STIN,2016-04,0.72
STIN,2016-05,0.32
STIN,2016-06,0
STIN,2016-07,0
STIN,2016-08,0
STIN,2016-09,0
STIN,2016-10,1.31
STIN,2016-11,0.79
STIN,2016-12,1.12
STIN,2017-01,5.96
STIN,2017-02,3.06
STIN,2017-03,0.92
STIN,2017-04,0.68
STIN,2017-05,0.04
STIN,2017-06,0.07
STIN,2017-07,0
STIN,2017-08,0
STIN,2017-09,0.02
STIN,2017-10,0.07
STIN,2017-11,0.31
STIN,2017-12,0.05
STIN,2018-01,2.23
STIN,2018-02,0.2
STIN,2018-03,3.51
STIN,2018-04,0.44
STIN,2018-05,0
STIN,2018-06,0
STIN,2018-07,0
STIN,2018-08,0
STIN,2018-09,0
STIN,2018-10,0.09
STIN,2018-11,1.81
STIN,2018-12,1.28
STIN,2019-01,2.7
STIN,2019-02,3.81
STIN,2019-03,1.57
STIN,2019-04,0.11
STIN,2019-05,0.9
STIN,2019-06,0.17
STIN,2019-07,0
STIN,2019-08,0
STIN,2019-09,0
STIN,2019-10,0
STIN,2019-11,0.81
STIN,2019-12,4.47
,,
STTO_TM2,2005-01,6.96
STTO_TM2,2005-02,3.41
STTO_TM2,2005-03,6.13
STTO_TM2,2005-04,2.7
STTO_TM2,2005-05,5.26
STTO_TM2,2005-06,1.99
STTO_TM2,2005-07,0
STTO_TM2,2005-08,0
STTO_TM2,2005-09,0.04
STTO_TM2,2005-10,1.97
STTO_TM2,2005-11,4.76
STTO_TM2,2005-12,19.16
STTO_TM2,2006-01,7.34
STTO_TM2,2006-02,5.56
STTO_TM2,2006-03,12.65
STTO_TM2,2006-04,10.11
STTO_TM2,2006-05,0.83
STTO_TM2,2006-06,0.11
STTO_TM2,2006-07,0
STTO_TM2,2006-08,0
STTO_TM2,2006-09,0
STTO_TM2,2006-10,0.14
STTO_TM2,2006-11,4.48
STTO_TM2,2006-12,7.35
STTO_TM2,2007-01,0.44
STTO_TM2,2007-02,11.18
STTO_TM2,2007-03,0.81
STTO_TM2,2007-04,3.12
STTO_TM2,2007-05,1.1
STTO_TM2,2007-06,0.35
STTO_TM2,2007-07,0.36
STTO_TM2,2007-08,0
STTO_TM2,2007-09,0.69
STTO_TM2,2007-10,2.61
STTO_TM2,2007-11,1.35
STTO_TM2,2007-12,7.1
STTO_TM2,2008-01,9.35
STTO_TM2,2008-02,6
STTO_TM2,2008-03,0.84
STTO_TM2,2008-04,0.66
STTO_TM2,2008-05,0.14
STTO_TM2,2008-06,0
STTO_TM2,2008-07,0
STTO_TM2,2008-08,0
STTO_TM2,2008-09,0
STTO_TM2,2008-10,2.29
STTO_TM2,2008-11,3.71
STTO_TM2,2008-12,4.91
STTO_TM2,2009-01,2.98
STTO_TM2,2009-02,11.11
STTO_TM2,2009-03,4.46
STTO_TM2,2009-04,0.78
STTO_TM2,2009-05,3.84
STTO_TM2,2009-06,0.53
STTO_TM2,2009-07,0
STTO_TM2,2009-08,0
STTO_TM2,2009-09,0.46
STTO_TM2,2009-10,2.46
STTO_TM2,2009-11,2.37
STTO_TM2,2009-12,5.29
STTO_TM2,2010-01,11.47
STTO_TM2,2010-02,5.41
STTO_TM2,2010-03,3.64
STTO_TM2,2010-04,8.36
STTO_TM2,2010-05,1.87
STTO_TM2,2010-06,0.06
STTO_TM2,2010-07,0
STTO_TM2,2010-08,0.03
STTO_TM2,2010-09,0.1
STTO_TM2,2010-10,5.59
STTO_TM2,2010-11,5.45
STTO_TM2,2010-12,13.46
STTO_TM2,2011-01,2.34
STTO_TM2,2011-02,7.5
STTO_TM2,2011-03,13.44
STTO_TM2,2011-04,1.54
STTO_TM2,2011-05,3.97
STTO_TM2,2011-06,2.43
STTO_TM2,2011-07,0
STTO_TM2,2011-08,0
STTO_TM2,2011-09,0
STTO_TM2,2011-10,3.48
STTO_TM2,2011-11,1.96
STTO_TM2,2011-12,0.25
STTO_TM2,2012-01,6.88
STTO_TM2,2012-02,2.4
STTO_TM2,2012-03,11.88
STTO_TM2,2012-04,5.57
STTO_TM2,2012-05,0.09
STTO_TM2,2012-06,0.34
STTO_TM2,2012-07,0
STTO_TM2,2012-08,0
STTO_TM2,2012-09,0
STTO_TM2,2012-10,1.88
STTO_TM2,2012-11,8.84
STTO_TM2,2012-12,14.39
STTO_TM2,2013-01,1.1
STTO_TM2,2013-02,0.96
STTO_TM2,2013-03,3.14
STTO_TM2,2013-04,1.14
STTO_TM2,2013-05,0.55
STTO_TM2,2013-06,1.5
STTO_TM2,2013-07,0
STTO_TM2,2013-08,0
STTO_TM2,2013-09,1.16
STTO_TM2,2013-10,0.29
STTO_TM2,2013-11,2.33
STTO_TM2,2013-12,0.47
STTO_TM2,2014-01,0.75
STTO_TM2,2014-02,10.47
STTO_TM2,2014-03,9.35
STTO_TM2,2014-04,1.54
STTO_TM2,2014-05,0.42
STTO_TM2,2014-06,0
STTO_TM2,2014-07,0
STTO_TM2,2014-08,0.38
STTO_TM2,2014-09,0.83
STTO_TM2,2014-10,1.76
STTO_TM2,2014-11,4.6
STTO_TM2,2014-12,14.91
STTO_TM2,2015-01,0.12
STTO_TM2,2015-02,4.49
STTO_TM2,2015-03,0.5
STTO_TM2,2015-04,2.53
STTO_TM2,2015-05,0.09
STTO_TM2,2015-06,0.2
STTO_TM2,2015-07,0.08
STTO_TM2,2015-08,0.04
STTO_TM2,2015-09,0.28
STTO_TM2,2015-10,0.51
STTO_TM2,2015-11,3.7
STTO_TM2,2015-12,7.77
STTO_TM2,2016-01,13.61
STTO_TM2,2016-02,1.98
STTO_TM2,2016-03,13.05
STTO_TM2,2016-04,1.65
STTO_TM2,2016-05,0.78
STTO_TM2,2016-06,0.24
STTO_TM2,2016-07,0
STTO_TM2,2016-08,0
STTO_TM2,2016-09,0
STTO_TM2,2016-10,7.64
STTO_TM2,2016-11,4.49
STTO_TM2,2016-12,11.14
STTO_TM2,2017-01,15.96
STTO_TM2,2017-02,16.33
STTO_TM2,2017-03,5.24
STTO_TM2,2017-04,6.21
STTO_TM2,2017-05,0.24
STTO_TM2,2017-06,0.83
STTO_TM2,2017-07,0
STTO_TM2,2017-08,0
STTO_TM2,2017-09,0.09
STTO_TM2,2017-10,0.71
STTO_TM2,2017-11,8.99
STTO_TM2,2017-12,0.42
STTO_TM2,2018-01,7.34
STTO_TM2,2018-02,0.67
STTO_TM2,2018-03,11.22
STTO_TM2,2018-04,5.87
STTO_TM2,2018-05,0.41
STTO_TM2,2018-06,0
STTO_TM2,2018-07,0
STTO_TM2,2018-08,0
STTO_TM2,2018-09,0
STTO_TM2,2018-10,0.58
STTO_TM2,2018-11,5.66
STTO_TM2,2018-12,4.74
STTO_TM2,2019-01,9.86
STTO_TM2,2019-02,18.85
STTO_TM2,2019-03,8.2
STTO_TM2,2019-04,2.47
STTO_TM2,2019-05,5.31
STTO_TM2,2019-06,0.05
STTO_TM2,2019-07,0
STTO_TM2,2019-08,0
STTO_TM2,2019-09,0.97
STTO_TM2,2019-10,0.06
STTO_TM2,2019-11,1.13
STTO_TM2,2019-12,9.24
CAAM,2020-01,0.25
CAAM,2020-02,0.2
CAAM,2020-03,7.21
CAAM,2020-04,7.31
CAAM,2020-05,0.53
CAAM,2020-06,0.11
CAAM,2020-07,0
CAAM,2020-08,0
CAAM,2020-09,0
CAAM,2020-10,0
CAAM,2020-11,0.37
CAAM,2020-12,1.95
,,
CAIN3,2020-01,0.37
CAIN3,2020-02,0.11
CAIN3,2020-03,3.28
CAIN3,2020-04,3.38
CAIN3,2020-05,0.08
CAIN3,2020-06,0
CAIN3,2020-07,0
CAIN3,2020-08,0
CAIN3,2020-09,0
CAIN3,2020-10,0
CAIN3,2020-11,0.19
CAIN3,2020-12,1.09
,,
CAIN4,2020-01,0.36
CAIN4,2020-02,0
CAIN4,2020-03,2.69
CAIN4,2020-04,2.28
CAIN4,2020-05,0.12
CAIN4,2020-06,0
CAIN4,2020-07,0
CAIN4,2020-08,0
CAIN4,2020-09,0
CAIN4,2020-10,0
CAIN4,2020-11,0.34
CAIN4,2020-12,0.91
,,
CAAN1,2020-01,0.38
CAAN1,2020-02,0
CAAN1,2020-03,3.49
CAAN1,2020-04,2.01
CAAN1,2020-05,0.11
CAAN1,2020-06,0
CAAN1,2020-07,0
CAAN1,2020-08,0
CAAN1,2020-09,0
CAAN1,2020-10,0
CAAN1,2020-11,0.26
CAAN1,2020-12,1.13
,,
CAAN2,2020-01,0.37
CAAN2,2020-02,0.11
CAAN2,2020-03,3.28
CAAN2,2020-04,3.38
CAAN2,2020-05,0.08
CAAN2,2020-06,0
CAAN2,2020-07,0
CAAN2,2020-08,0
CAAN2,2020-09,0
CAAN2,2020-10,0
CAAN2,2020-11,0.19
CAAN2,2020-12,1.09
,,
CACO1,2020-01,0.2
CACO1,2020-02,0.09
CACO1,2020-03,3.83
CACO1,2020-04,3.31
CACO1,2020-05,0.08
CACO1,2020-06,0
CACO1,2020-07,0
CACO1,2020-08,0
CACO1,2020-09,0
CACO1,2020-10,0
CACO1,2020-11,0.19
CACO1,2020-12,0.88
,,
STPO,2020-01,6.23
STPO,2020-02,0
STPO,2020-03,5.66
STPO,2020-04,2.54
STPO,2020-05,4.72
STPO,2020-06,0.25
STPO,2020-07,0
STPO,2020-08,0.04
STPO,2020-09,0
STPO,2020-10,0
STPO,2020-11,3.19
STPO,2020-12,5.13
,,
STDI,2020-01,0.91
STDI,2020-02,0.35
STDI,2020-03,4.66
STDI,2020-04,2.81
STDI,2020-05,1.27
STDI,2020-06,0
STDI,2020-07,0
STDI,2020-08,0
STDI,2020-09,0
STDI,2020-10,0
STDI,2020-11,0.85
STDI,2020-12,2.24
,,
STTO_BH,2020-01,0.9
STTO_BH,2020-02,0.08
STTO_BH,2020-03,4.45
STTO_BH,2020-04,2.53
STTO_BH,2020-05,1.49
STTO_BH,2020-06,0
STTO_BH,2020-07,0
STTO_BH,2020-08,0
STTO_BH,2020-09,0
STTO_BH,2020-10,0
STTO_BH,2020-11,0.99
STTO_BH,2020-12,2
,,
STGL1,2020-01,6.3
STGL1,2020-02,0
STGL1,2020-03,2.68
STGL1,2020-04,1.08
STGL1,2020-05,1.64
STGL1,2020-06,0.01
STGL1,2020-07,0
STGL1,2020-08,0.12
STGL1,2020-09,0
STGL1,2020-10,0.01
STGL1,2020-11,1.92
STGL1,2020-12,3.37
,,
STDR2,2020-01,4.24
STDR2,2020-02,0
STDR2,2020-03,3.9
STDR2,2020-04,2.12
STDR2,2020-05,3.13
STDR2,2020-06,0.31
STDR2,2020-07,0
STDR2,2020-08,0.03
STDR2,2020-09,0
STDR2,2020-10,0
STDR2,2020-11,2.13
STDR2,2020-12,4.35
,,
STBR3,2020-01,2.15
STBR3,2020-02,0
STBR3,2020-03,1.42
STBR3,2020-04,1.06
STBR3,2020-05,1.72
STBR3,2020-06,0
STBR3,2020-07,0
STBR3,2020-08,0
STBR3,2020-09,0
STBR3,2020-10,0
STBR3,2020-11,1.27
STBR3,2020-12,1.94
,,
STIN,2020-01,0.78
STIN,2020-02,0
STIN,2020-03,2.57
STIN,2020-04,1.3
STIN,2020-05,0.18
STIN,2020-06,0
STIN,2020-07,0
STIN,2020-08,0
STIN,2020-09,0
STIN,2020-10,0
STIN,2020-11,0.25
STIN,2020-12,0.6
,,
STTO_TM2,2020-01,4.08
STTO_TM2,2020-02,0
STTO_TM2,2020-03,3.61
STTO_TM2,2020-04,1.91
STTO_TM2,2020-05,3.17
STTO_TM2,2020-06,0.29
STTO_TM2,2020-07,0
STTO_TM2,2020-08,0.02
STTO_TM2,2020-09,0
STTO_TM2,2020-10,0
STTO_TM2,2020-11,2.69
STTO_TM2,2020-12,3.62